sample	library	run	r1_file	r2_file	reads_raw_r1	reads_raw_r2	reads_primers_fwd	reads_primers_rvs	reads_filtered_fwd	reads_filtered_rvs	reads_merged	reads_tabled	reads_chimera_checked	reads_tax.length_filtered
1-A	1-A	1	1-A_S1_L001_R1_001.fastq.gz	1-A_S1_L001_R2_001.fastq.gz	62525	62525	61721	61721	60741	60741	48785	48785	47855	0
1-B	1-B	1	1-B_S191_L001_R1_001.fastq.gz	1-B_S191_L001_R2_001.fastq.gz	52478	52478	51670	51670	49427	49427	44611	44611	43769	0
1-C	1-C	1	1-C_S381_L001_R1_001.fastq.gz	1-C_S381_L001_R2_001.fastq.gz	44820	44820	44435	44435	32990	32990	12311	12311	12189	0
10-A	10-A	1	10-A_S10_L001_R1_001.fastq.gz	10-A_S10_L001_R2_001.fastq.gz	22558	22558	22177	22177	21481	21481	20656	20656	20656	0
10-B	10-B	1	10-B_S200_L001_R1_001.fastq.gz	10-B_S200_L001_R2_001.fastq.gz	16511	16511	16239	16239	15929	15929	15508	15508	15497	0
10-C	10-C	1	10-C_S390_L001_R1_001.fastq.gz	10-C_S390_L001_R2_001.fastq.gz	47858	47858	47008	47008	43992	43992	42756	42756	42745	0
100-A	100-A	1	100-A_S111_L001_R1_001.fastq.gz	100-A_S111_L001_R2_001.fastq.gz	64439	64439	63298	63298	58913	58913	51301	51301	50274	0
100-B	100-B	1	100-B_S301_L001_R1_001.fastq.gz	100-B_S301_L001_R2_001.fastq.gz	12020	12020	11716	11716	11022	11022	10301	10301	10188	0
100-C	100-C	1	100-C_S491_L001_R1_001.fastq.gz	100-C_S491_L001_R2_001.fastq.gz	38900	38900	38143	38143	23722	23722	14091	14091	13898	0
101-A	101-A	1	101-A_S112_L001_R1_001.fastq.gz	101-A_S112_L001_R2_001.fastq.gz	10509	10509	10364	10364	9694	9694	8224	8224	8224	0
101-B	101-B	1	101-B_S302_L001_R1_001.fastq.gz	101-B_S302_L001_R2_001.fastq.gz	5170	5170	5101	5101	4900	4900	4479	4479	4479	0
101-C	101-C	1	101-C_S492_L001_R1_001.fastq.gz	101-C_S492_L001_R2_001.fastq.gz	29038	29038	28602	28602	19878	19878	10081	10081	10003	0
102-A	102-A	1	102-A_S113_L001_R1_001.fastq.gz	102-A_S113_L001_R2_001.fastq.gz	27587	27587	27213	27213	26731	26731	22740	22740	22237	0
102-B	102-B	1	102-B_S303_L001_R1_001.fastq.gz	102-B_S303_L001_R2_001.fastq.gz	39810	39810	39278	39278	38025	38025	35323	35323	34577	0
102-C	102-C	1	102-C_S493_L001_R1_001.fastq.gz	102-C_S493_L001_R2_001.fastq.gz	21271	21271	21087	21087	17881	17881	6641	6641	6554	0
103-A	103-A	1	103-A_S114_L001_R1_001.fastq.gz	103-A_S114_L001_R2_001.fastq.gz	44084	44084	43418	43418	43055	43055	39588	39588	38945	0
103-B	103-B	1	103-B_S304_L001_R1_001.fastq.gz	103-B_S304_L001_R2_001.fastq.gz	27677	27677	27250	27250	27052	27052	26095	26095	25852	0
103-C	103-C	1	103-C_S494_L001_R1_001.fastq.gz	103-C_S494_L001_R2_001.fastq.gz	32349	32349	31861	31861	30600	30600	21980	21980	21703	0
104-A	104-A	1	104-A_S115_L001_R1_001.fastq.gz	104-A_S115_L001_R2_001.fastq.gz	27304	27304	26899	26899	26563	26563	25435	25435	25252	0
104-B	104-B	1	104-B_S305_L001_R1_001.fastq.gz	104-B_S305_L001_R2_001.fastq.gz	21815	21815	21481	21481	21261	21261	20802	20802	20610	0
104-C	104-C	1	104-C_S495_L001_R1_001.fastq.gz	104-C_S495_L001_R2_001.fastq.gz	31760	31760	31248	31248	28053	28053	22534	22534	22184	0
105-A	105-A	1	105-A_S116_L001_R1_001.fastq.gz	105-A_S116_L001_R2_001.fastq.gz	45178	45178	44441	44441	38519	38519	35900	35900	35569	0
105-B	105-B	1	105-B_S306_L001_R1_001.fastq.gz	105-B_S306_L001_R2_001.fastq.gz	30645	30645	30179	30179	29799	29799	29181	29181	29016	0
105-C	105-C	1	105-C_S496_L001_R1_001.fastq.gz	105-C_S496_L001_R2_001.fastq.gz	55499	55499	54720	54720	53162	53162	40738	40738	40272	0
106-A	106-A	1	106-A_S117_L001_R1_001.fastq.gz	106-A_S117_L001_R2_001.fastq.gz	8150	8150	8051	8051	831	831	287	287	287	0
106-B	106-B	1	106-B_S307_L001_R1_001.fastq.gz	106-B_S307_L001_R2_001.fastq.gz	713	713	694	694	550	550	437	437	437	0
106-C	106-C	1	106-C_S497_L001_R1_001.fastq.gz	106-C_S497_L001_R2_001.fastq.gz	6502	6502	6418	6418	490	490	264	264	264	0
107-A	107-A	1	107-A_S118_L001_R1_001.fastq.gz	107-A_S118_L001_R2_001.fastq.gz	38401	38401	37838	37838	37118	37118	33002	33002	31919	0
107-B	107-B	1	107-B_S308_L001_R1_001.fastq.gz	107-B_S308_L001_R2_001.fastq.gz	43691	43691	43036	43036	42598	42598	40883	40883	38925	0
107-C	107-C	1	107-C_S498_L001_R1_001.fastq.gz	107-C_S498_L001_R2_001.fastq.gz	29821	29821	29408	29408	26387	26387	13783	13783	13399	0
108-A	108-A	1	108-A_S119_L001_R1_001.fastq.gz	108-A_S119_L001_R2_001.fastq.gz	37199	37199	36677	36677	36272	36272	31898	31898	30835	0
108-B	108-B	1	108-B_S309_L001_R1_001.fastq.gz	108-B_S309_L001_R2_001.fastq.gz	42867	42867	42267	42267	41670	41670	39255	39255	37848	0
108-C	108-C	1	108-C_S499_L001_R1_001.fastq.gz	108-C_S499_L001_R2_001.fastq.gz	37665	37665	37133	37133	33765	33765	17699	17699	17483	0
109-A	109-A	1	109-A_S120_L001_R1_001.fastq.gz	109-A_S120_L001_R2_001.fastq.gz	25311	25311	24941	24941	24672	24672	22092	22092	21440	0
109-B	109-B	1	109-B_S310_L001_R1_001.fastq.gz	109-B_S310_L001_R2_001.fastq.gz	25453	25453	25117	25117	24859	24859	23385	23385	22924	0
109-C	109-C	1	109-C_S500_L001_R1_001.fastq.gz	109-C_S500_L001_R2_001.fastq.gz	40630	40630	40039	40039	31961	31961	18526	18526	18206	0
11-A	11-A	1	11-A_S11_L001_R1_001.fastq.gz	11-A_S11_L001_R2_001.fastq.gz	9354	9354	9225	9225	490	490	243	243	243	0
11-B	11-B	1	11-B_S201_L001_R1_001.fastq.gz	11-B_S201_L001_R2_001.fastq.gz	8962	8962	8806	8806	411	411	199	199	199	0
11-C	11-C	1	11-C_S391_L001_R1_001.fastq.gz	11-C_S391_L001_R2_001.fastq.gz	10720	10720	10528	10528	538	538	116	116	116	0
110-A	110-A	1	110-A_S121_L001_R1_001.fastq.gz	110-A_S121_L001_R2_001.fastq.gz	26193	26193	25788	25788	25405	25405	23559	23559	22560	0
110-B	110-B	1	110-B_S311_L001_R1_001.fastq.gz	110-B_S311_L001_R2_001.fastq.gz	27201	27201	26804	26804	26480	26480	25597	25597	24434	0
110-C	110-C	1	110-C_S501_L001_R1_001.fastq.gz	110-C_S501_L001_R2_001.fastq.gz	56819	56819	56293	56293	25746	25746	14304	14304	13917	0
111-A	111-A	1	111-A_S122_L001_R1_001.fastq.gz	111-A_S122_L001_R2_001.fastq.gz	29846	29846	29442	29442	28745	28745	26192	26192	24823	0
111-B	111-B	1	111-B_S312_L001_R1_001.fastq.gz	111-B_S312_L001_R2_001.fastq.gz	35351	35351	34758	34758	34380	34380	33007	33007	30962	0
111-C	111-C	1	111-C_S502_L001_R1_001.fastq.gz	111-C_S502_L001_R2_001.fastq.gz	108183	108183	106679	106679	99826	99826	66528	66528	61972	0
112-A	112-A	1	112-A_S123_L001_R1_001.fastq.gz	112-A_S123_L001_R2_001.fastq.gz	27839	27839	27418	27418	27073	27073	25230	25230	23996	0
112-B	112-B	1	112-B_S313_L001_R1_001.fastq.gz	112-B_S313_L001_R2_001.fastq.gz	33639	33639	33092	33092	32747	32747	31690	31690	29843	0
112-C	112-C	1	112-C_S503_L001_R1_001.fastq.gz	112-C_S503_L001_R2_001.fastq.gz	104718	104718	103117	103117	99399	99399	64418	64418	60123	0
113-A	113-A	1	113-A_S124_L001_R1_001.fastq.gz	113-A_S124_L001_R2_001.fastq.gz	8079	8079	7953	7953	737	737	546	546	546	0
113-B	113-B	1	113-B_S314_L001_R1_001.fastq.gz	113-B_S314_L001_R2_001.fastq.gz	676	676	665	665	545	545	443	443	443	0
113-C	113-C	1	113-C_S504_L001_R1_001.fastq.gz	113-C_S504_L001_R2_001.fastq.gz	22569	22569	22233	22233	1031	1031	484	484	484	0
114-A	114-A	1	114-A_S125_L001_R1_001.fastq.gz	114-A_S125_L001_R2_001.fastq.gz	55824	55824	54954	54954	54439	54439	49630	49630	48761	0
114-B	114-B	1	114-B_S315_L001_R1_001.fastq.gz	114-B_S315_L001_R2_001.fastq.gz	27786	27786	27340	27340	27038	27038	26328	26328	25903	0
114-C	114-C	1	114-C_S505_L001_R1_001.fastq.gz	114-C_S505_L001_R2_001.fastq.gz	116039	116039	114271	114271	109847	109847	68748	68748	67395	0
115-A	115-A	1	115-A_S126_L001_R1_001.fastq.gz	115-A_S126_L001_R2_001.fastq.gz	25636	25636	25193	25193	24847	24847	22035	22035	21653	0
115-B	115-B	1	115-B_S316_L001_R1_001.fastq.gz	115-B_S316_L001_R2_001.fastq.gz	33531	33531	32982	32982	32583	32583	30398	30398	29377	0
115-C	115-C	1	115-C_S506_L001_R1_001.fastq.gz	115-C_S506_L001_R2_001.fastq.gz	55762	55762	54869	54869	53375	53375	33408	33408	32844	0
116-A	116-A	1	116-A_S127_L001_R1_001.fastq.gz	116-A_S127_L001_R2_001.fastq.gz	37070	37070	36220	36220	35641	35641	31632	31632	30943	0
116-B	116-B	1	116-B_S317_L001_R1_001.fastq.gz	116-B_S317_L001_R2_001.fastq.gz	51119	51119	50362	50362	49753	49753	47178	47178	46323	0
116-C	116-C	1	116-C_S507_L001_R1_001.fastq.gz	116-C_S507_L001_R2_001.fastq.gz	40040	40040	39472	39472	36898	36898	22966	22966	22520	0
117-A	117-A	1	117-A_S128_L001_R1_001.fastq.gz	117-A_S128_L001_R2_001.fastq.gz	88835	88835	87420	87420	86432	86432	79994	79994	77166	0
117-B	117-B	1	117-B_S318_L001_R1_001.fastq.gz	117-B_S318_L001_R2_001.fastq.gz	2218	2218	2172	2172	2087	2087	1825	1825	1825	0
117-C	117-C	1	117-C_S508_L001_R1_001.fastq.gz	117-C_S508_L001_R2_001.fastq.gz	38466	38466	37931	37931	35086	35086	26082	26082	25588	0
118-A	118-A	1	118-A_S129_L001_R1_001.fastq.gz	118-A_S129_L001_R2_001.fastq.gz	46600	46600	45915	45915	45347	45347	41893	41893	40779	0
118-B	118-B	1	118-B_S319_L001_R1_001.fastq.gz	118-B_S319_L001_R2_001.fastq.gz	24878	24878	24451	24451	24172	24172	23526	23526	22977	0
118-C	118-C	1	118-C_S509_L001_R1_001.fastq.gz	118-C_S509_L001_R2_001.fastq.gz	31462	31462	31079	31079	28343	28343	17272	17272	16605	0
119-A	119-A	1	119-A_S130_L001_R1_001.fastq.gz	119-A_S130_L001_R2_001.fastq.gz	44905	44905	44195	44195	43841	43841	41116	41116	40411	0
119-B	119-B	1	119-B_S320_L001_R1_001.fastq.gz	119-B_S320_L001_R2_001.fastq.gz	15721	15721	15476	15476	15324	15324	15012	15012	14733	0
119-C	119-C	1	119-C_S510_L001_R1_001.fastq.gz	119-C_S510_L001_R2_001.fastq.gz	24984	24984	24590	24590	23382	23382	17504	17504	17120	0
12-A	12-A	1	12-A_S12_L001_R1_001.fastq.gz	12-A_S12_L001_R2_001.fastq.gz	29675	29675	29262	29262	28004	28004	25716	25716	25659	0
12-B	12-B	1	12-B_S202_L001_R1_001.fastq.gz	12-B_S202_L001_R2_001.fastq.gz	17815	17815	17510	17510	15366	15366	14405	14405	14399	0
12-C	12-C	1	12-C_S392_L001_R1_001.fastq.gz	12-C_S392_L001_R2_001.fastq.gz	90828	90828	89520	89520	87869	87869	73165	73165	72455	0
120-A	120-A	1	120-A_S131_L001_R1_001.fastq.gz	120-A_S131_L001_R2_001.fastq.gz	8739	8739	8586	8586	646	646	416	416	416	0
120-B	120-B	1	120-B_S321_L001_R1_001.fastq.gz	120-B_S321_L001_R2_001.fastq.gz	4520	4520	4449	4449	495	495	379	379	379	0
120-C	120-C	1	120-C_S511_L001_R1_001.fastq.gz	120-C_S511_L001_R2_001.fastq.gz	6251	6251	6149	6149	759	759	430	430	430	0
121-A	121-A	1	121-A_S132_L001_R1_001.fastq.gz	121-A_S132_L001_R2_001.fastq.gz	39763	39763	39123	39123	38547	38547	28959	28959	28698	0
121-B	121-B	1	121-B_S322_L001_R1_001.fastq.gz	121-B_S322_L001_R2_001.fastq.gz	19028	19028	18749	18749	18520	18520	17170	17170	16942	0
121-C	121-C	1	121-C_S512_L001_R1_001.fastq.gz	121-C_S512_L001_R2_001.fastq.gz	33438	33438	32959	32959	30413	30413	13653	13653	13372	0
122-A	122-A	1	122-A_S133_L001_R1_001.fastq.gz	122-A_S133_L001_R2_001.fastq.gz	50141	50141	49422	49422	48185	48185	37263	37263	36514	0
122-B	122-B	1	122-B_S323_L001_R1_001.fastq.gz	122-B_S323_L001_R2_001.fastq.gz	24050	24050	23706	23706	23146	23146	21265	21265	20823	0
122-C	122-C	1	122-C_S513_L001_R1_001.fastq.gz	122-C_S513_L001_R2_001.fastq.gz	32078	32078	31491	31491	21388	21388	12564	12564	12466	0
123-A	123-A	1	123-A_S134_L001_R1_001.fastq.gz	123-A_S134_L001_R2_001.fastq.gz	58332	58332	57476	57476	56204	56204	47032	47032	46188	0
123-B	123-B	1	123-B_S324_L001_R1_001.fastq.gz	123-B_S324_L001_R2_001.fastq.gz	15893	15893	15618	15618	15361	15361	14342	14342	14243	0
123-C	123-C	1	123-C_S514_L001_R1_001.fastq.gz	123-C_S514_L001_R2_001.fastq.gz	37664	37664	37134	37134	35175	35175	16994	16994	16504	0
124-A	124-A	1	124-A_S135_L001_R1_001.fastq.gz	124-A_S135_L001_R2_001.fastq.gz	716	716	700	700	600	600	394	394	394	0
124-B	124-B	1	124-B_S325_L001_R1_001.fastq.gz	124-B_S325_L001_R2_001.fastq.gz	30206	30206	29747	29747	29436	29436	28475	28475	27812	0
124-C	124-C	1	124-C_S515_L001_R1_001.fastq.gz	124-C_S515_L001_R2_001.fastq.gz	37338	37338	36774	36774	36043	36043	30428	30428	29693	0
125-A	125-A	1	125-A_S136_L001_R1_001.fastq.gz	125-A_S136_L001_R2_001.fastq.gz	42787	42787	42100	42100	41584	41584	39443	39443	38918	0
125-B	125-B	1	125-B_S326_L001_R1_001.fastq.gz	125-B_S326_L001_R2_001.fastq.gz	24446	24446	24044	24044	23770	23770	22878	22878	22633	0
125-C	125-C	1	125-C_S516_L001_R1_001.fastq.gz	125-C_S516_L001_R2_001.fastq.gz	24414	24414	24000	24000	21967	21967	17114	17114	16932	0
126-A	126-A	1	126-A_S137_L001_R1_001.fastq.gz	126-A_S137_L001_R2_001.fastq.gz	18604	18604	18280	18280	18073	18073	17467	17467	17315	0
126-B	126-B	1	126-B_S327_L001_R1_001.fastq.gz	126-B_S327_L001_R2_001.fastq.gz	26662	26662	26206	26206	25959	25959	24935	24935	24700	0
126-C	126-C	1	126-C_S517_L001_R1_001.fastq.gz	126-C_S517_L001_R2_001.fastq.gz	28954	28954	28611	28611	25649	25649	17018	17018	16631	0
127-A	127-A	1	127-A_S138_L001_R1_001.fastq.gz	127-A_S138_L001_R2_001.fastq.gz	9363	9363	9205	9205	314	314	160	160	160	0
127-B	127-B	1	127-B_S328_L001_R1_001.fastq.gz	127-B_S328_L001_R2_001.fastq.gz	7983	7983	7880	7880	345	345	197	197	197	0
127-C	127-C	1	127-C_S518_L001_R1_001.fastq.gz	127-C_S518_L001_R2_001.fastq.gz	5499	5499	5128	5128	665	665	78	78	78	0
128-A	128-A	1	128-A_S139_L001_R1_001.fastq.gz	128-A_S139_L001_R2_001.fastq.gz	47969	47969	47265	47265	46719	46719	38129	38129	37727	0
128-B	128-B	1	128-B_S329_L001_R1_001.fastq.gz	128-B_S329_L001_R2_001.fastq.gz	31784	31784	31331	31331	29231	29231	27185	27185	26955	0
128-C	128-C	1	128-C_S519_L001_R1_001.fastq.gz	128-C_S519_L001_R2_001.fastq.gz	37735	37735	37158	37158	35820	35820	15579	15579	15284	0
129-A	129-A	1	129-A_S140_L001_R1_001.fastq.gz	129-A_S140_L001_R2_001.fastq.gz	29888	29888	29458	29458	28597	28597	24279	24279	24059	0
129-B	129-B	1	129-B_S330_L001_R1_001.fastq.gz	129-B_S330_L001_R2_001.fastq.gz	23839	23839	23528	23528	23056	23056	21859	21859	21705	0
129-C	129-C	1	129-C_S520_L001_R1_001.fastq.gz	129-C_S520_L001_R2_001.fastq.gz	29475	29475	29023	29023	22059	22059	12424	12424	12413	0
13-A	13-A	1	13-A_S13_L001_R1_001.fastq.gz	13-A_S13_L001_R2_001.fastq.gz	30300	30300	29935	29935	26912	26912	19478	19478	19469	0
13-B	13-B	1	13-B_S203_L001_R1_001.fastq.gz	13-B_S203_L001_R2_001.fastq.gz	17861	17861	17622	17622	16539	16539	14125	14125	14106	0
13-C	13-C	1	13-C_S393_L001_R1_001.fastq.gz	13-C_S393_L001_R2_001.fastq.gz	66263	66263	65426	65426	60640	60640	37350	37350	37287	0
130-A	130-A	1	130-A_S149_L001_R1_001.fastq.gz	130-A_S149_L001_R2_001.fastq.gz	58326	58326	57480	57480	55101	55101	44829	44829	44067	0
130-B	130-B	1	130-B_S339_L001_R1_001.fastq.gz	130-B_S339_L001_R2_001.fastq.gz	43003	43003	42404	42404	41918	41918	39238	39238	38467	0
130-C	130-C	1	130-C_S529_L001_R1_001.fastq.gz	130-C_S529_L001_R2_001.fastq.gz	25321	25321	24714	24714	7201	7201	4546	4546	4546	0
131-A	131-A	1	131-A_S150_L001_R1_001.fastq.gz	131-A_S150_L001_R2_001.fastq.gz	83801	83801	82560	82560	81968	81968	77548	77548	75899	0
131-B	131-B	1	131-B_S340_L001_R1_001.fastq.gz	131-B_S340_L001_R2_001.fastq.gz	61171	61171	60212	60212	59771	59771	57778	57778	56643	0
131-C	131-C	1	131-C_S530_L001_R1_001.fastq.gz	131-C_S530_L001_R2_001.fastq.gz	22370	22370	21939	21939	14863	14863	13690	13690	13531	0
132-A	132-A	1	132-A_S143_L001_R1_001.fastq.gz	132-A_S143_L001_R2_001.fastq.gz	38548	38548	37951	37951	37367	37367	35463	35463	34999	0
132-B	132-B	1	132-B_S333_L001_R1_001.fastq.gz	132-B_S333_L001_R2_001.fastq.gz	25445	25445	25055	25055	24697	24697	24251	24251	23952	0
132-C	132-C	1	132-C_S523_L001_R1_001.fastq.gz	132-C_S523_L001_R2_001.fastq.gz	21393	21393	20974	20974	16825	16825	15068	15068	14915	0
133-A	133-A	1	133-A_S144_L001_R1_001.fastq.gz	133-A_S144_L001_R2_001.fastq.gz	51828	51828	51021	51021	45310	45310	43579	43579	41508	0
133-B	133-B	1	133-B_S334_L001_R1_001.fastq.gz	133-B_S334_L001_R2_001.fastq.gz	40700	40700	40075	40075	39749	39749	38589	38589	36964	0
133-C	133-C	1	133-C_S524_L001_R1_001.fastq.gz	133-C_S524_L001_R2_001.fastq.gz	27308	27308	26878	26878	26338	26338	21956	21956	21211	0
134-A	134-A	1	134-A_S145_L001_R1_001.fastq.gz	134-A_S145_L001_R2_001.fastq.gz	7607	7607	7477	7477	207	207	92	92	92	0
134-B	134-B	1	134-B_S335_L001_R1_001.fastq.gz	134-B_S335_L001_R2_001.fastq.gz	9247	9247	9116	9116	296	296	147	147	147	0
134-C	134-C	1	134-C_S525_L001_R1_001.fastq.gz	134-C_S525_L001_R2_001.fastq.gz	9818	9818	9697	9697	388	388	143	143	143	0
135-A	135-A	1	135-A_S146_L001_R1_001.fastq.gz	135-A_S146_L001_R2_001.fastq.gz	12090	12090	11903	11903	11240	11240	6868	6868	6832	0
135-B	135-B	1	135-B_S336_L001_R1_001.fastq.gz	135-B_S336_L001_R2_001.fastq.gz	36417	36417	35844	35844	35502	35502	30732	30732	30303	0
135-C	135-C	1	135-C_S526_L001_R1_001.fastq.gz	135-C_S526_L001_R2_001.fastq.gz	22189	22189	21875	21875	18090	18090	6128	6128	6086	0
136-A	136-A	1	136-A_S147_L001_R1_001.fastq.gz	136-A_S147_L001_R2_001.fastq.gz	24377	24377	23906	23906	23457	23457	16431	16431	16315	0
136-B	136-B	1	136-B_S337_L001_R1_001.fastq.gz	136-B_S337_L001_R2_001.fastq.gz	40733	40733	40002	40002	39569	39569	34344	34344	33967	0
136-C	136-C	1	136-C_S527_L001_R1_001.fastq.gz	136-C_S527_L001_R2_001.fastq.gz	25514	25514	25032	25032	21042	21042	7572	7572	7555	0
137-A	137-A	1	137-A_S148_L001_R1_001.fastq.gz	137-A_S148_L001_R2_001.fastq.gz	30811	30811	30413	30413	29792	29792	18677	18677	18514	0
137-B	137-B	1	137-B_S338_L001_R1_001.fastq.gz	137-B_S338_L001_R2_001.fastq.gz	34378	34378	33904	33904	32459	32459	27309	27309	27065	0
137-C	137-C	1	137-C_S528_L001_R1_001.fastq.gz	137-C_S528_L001_R2_001.fastq.gz	22932	22932	22455	22455	13997	13997	4919	4919	4919	0
138-A	138-A	1	138-A_S141_L001_R1_001.fastq.gz	138-A_S141_L001_R2_001.fastq.gz	8243	8243	8131	8131	8036	8036	7826	7826	7775	0
138-B	138-B	1	138-B_S331_L001_R1_001.fastq.gz	138-B_S331_L001_R2_001.fastq.gz	3236	3236	3188	3188	3128	3128	2968	2968	2968	0
138-C	138-C	1	138-C_S521_L001_R1_001.fastq.gz	138-C_S521_L001_R2_001.fastq.gz	8098	8098	7960	7960	6711	6711	6341	6341	6306	0
139-A	139-A	1	139-A_S142_L001_R1_001.fastq.gz	139-A_S142_L001_R2_001.fastq.gz	47043	47043	46252	46252	45912	45912	44253	44253	43852	0
139-B	139-B	1	139-B_S332_L001_R1_001.fastq.gz	139-B_S332_L001_R2_001.fastq.gz	38734	38734	38086	38086	37711	37711	37228	37228	36868	0
139-C	139-C	1	139-C_S522_L001_R1_001.fastq.gz	139-C_S522_L001_R2_001.fastq.gz	28386	28386	27890	27890	27347	27347	22669	22669	22424	0
14-A	14-A	1	14-A_S14_L001_R1_001.fastq.gz	14-A_S14_L001_R2_001.fastq.gz	30125	30125	29699	29699	28813	28813	25197	25197	25121	0
14-B	14-B	1	14-B_S204_L001_R1_001.fastq.gz	14-B_S204_L001_R2_001.fastq.gz	63988	63988	63078	63078	50840	50840	47640	47640	47605	0
14-C	14-C	1	14-C_S394_L001_R1_001.fastq.gz	14-C_S394_L001_R2_001.fastq.gz	73220	73220	72273	72273	70189	70189	52249	52249	52060	0
140-A	140-A	1	140-A_S151_L001_R1_001.fastq.gz	140-A_S151_L001_R2_001.fastq.gz	14718	14718	14486	14486	13921	13921	13492	13492	13346	0
140-B	140-B	1	140-B_S341_L001_R1_001.fastq.gz	140-B_S341_L001_R2_001.fastq.gz	65226	65226	64204	64204	63656	63656	61848	61848	61306	0
140-C	140-C	1	140-C_S531_L001_R1_001.fastq.gz	140-C_S531_L001_R2_001.fastq.gz	28315	28315	27891	27891	24678	24678	21902	21902	21727	0
141-A	141-A	1	141-A_S152_L001_R1_001.fastq.gz	141-A_S152_L001_R2_001.fastq.gz	10674	10674	10504	10504	688	688	387	387	387	0
141-B	141-B	1	141-B_S342_L001_R1_001.fastq.gz	141-B_S342_L001_R2_001.fastq.gz	4199	4199	4136	4136	624	624	413	413	413	0
141-C	141-C	1	141-C_S532_L001_R1_001.fastq.gz	141-C_S532_L001_R2_001.fastq.gz	9797	9797	9439	9439	785	785	289	289	289	0
142-A	142-A	1	142-A_S153_L001_R1_001.fastq.gz	142-A_S153_L001_R2_001.fastq.gz	18243	18243	17973	17973	17159	17159	9211	9211	9086	0
142-B	142-B	1	142-B_S343_L001_R1_001.fastq.gz	142-B_S343_L001_R2_001.fastq.gz	23703	23703	23346	23346	23047	23047	18255	18255	18032	0
142-C	142-C	1	142-C_S533_L001_R1_001.fastq.gz	142-C_S533_L001_R2_001.fastq.gz	67166	67166	65285	65285	58523	58523	19565	19565	18924	0
143-A	143-A	1	143-A_S154_L001_R1_001.fastq.gz	143-A_S154_L001_R2_001.fastq.gz	19849	19849	19527	19527	17473	17473	11117	11117	10989	0
143-B	143-B	1	143-B_S344_L001_R1_001.fastq.gz	143-B_S344_L001_R2_001.fastq.gz	17589	17589	17331	17331	17096	17096	13995	13995	13890	0
143-C	143-C	1	143-C_S534_L001_R1_001.fastq.gz	143-C_S534_L001_R2_001.fastq.gz	44840	44840	44178	44178	37522	37522	10894	10894	10780	0
144-A	144-A	1	144-A_S155_L001_R1_001.fastq.gz	144-A_S155_L001_R2_001.fastq.gz	24386	24386	24043	24043	23288	23288	12496	12496	12431	0
144-B	144-B	1	144-B_S345_L001_R1_001.fastq.gz	144-B_S345_L001_R2_001.fastq.gz	15506	15506	15269	15269	14782	14782	12323	12323	12270	0
144-C	144-C	1	144-C_S535_L001_R1_001.fastq.gz	144-C_S535_L001_R2_001.fastq.gz	27588	27588	26901	26901	7673	7673	1543	1543	1538	0
145-A	145-A	1	145-A_S156_L001_R1_001.fastq.gz	145-A_S156_L001_R2_001.fastq.gz	58751	58751	57802	57802	56822	56822	52658	52658	50973	0
145-B	145-B	1	145-B_S346_L001_R1_001.fastq.gz	145-B_S346_L001_R2_001.fastq.gz	44519	44519	43819	43819	43196	43196	41914	41914	40596	0
145-C	145-C	1	145-C_S536_L001_R1_001.fastq.gz	145-C_S536_L001_R2_001.fastq.gz	51420	51420	50612	50612	47854	47854	36238	36238	35146	0
146-A	146-A	1	146-A_S157_L001_R1_001.fastq.gz	146-A_S157_L001_R2_001.fastq.gz	34655	34655	34114	34114	33649	33649	32423	32423	31447	0
146-B	146-B	1	146-B_S347_L001_R1_001.fastq.gz	146-B_S347_L001_R2_001.fastq.gz	34193	34193	33623	33623	33138	33138	32228	32228	31617	0
146-C	146-C	1	146-C_S537_L001_R1_001.fastq.gz	146-C_S537_L001_R2_001.fastq.gz	59667	59667	58504	58504	37709	37709	34394	34394	33489	0
147-A	147-A	1	147-A_S158_L001_R1_001.fastq.gz	147-A_S158_L001_R2_001.fastq.gz	32484	32484	31966	31966	30583	30583	28598	28598	27678	0
147-B	147-B	1	147-B_S348_L001_R1_001.fastq.gz	147-B_S348_L001_R2_001.fastq.gz	37041	37041	36452	36452	35975	35975	34941	34941	33687	0
147-C	147-C	1	147-C_S538_L001_R1_001.fastq.gz	147-C_S538_L001_R2_001.fastq.gz	55150	55150	53986	53986	32098	32098	28814	28814	28350	0
148-A	148-A	1	148-A_S159_L001_R1_001.fastq.gz	148-A_S159_L001_R2_001.fastq.gz	5490	5490	5150	5150	878	878	588	588	588	0
148-B	148-B	1	148-B_S349_L001_R1_001.fastq.gz	148-B_S349_L001_R2_001.fastq.gz	1856	1856	1598	1598	947	947	744	744	744	0
148-C	148-C	1	148-C_S539_L001_R1_001.fastq.gz	148-C_S539_L001_R2_001.fastq.gz	14090	14090	13573	13573	1241	1241	571	571	571	0
149-A	149-A	1	149-A_S160_L001_R1_001.fastq.gz	149-A_S160_L001_R2_001.fastq.gz	27706	27706	27285	27285	26014	26014	14143	14143	14057	0
149-B	149-B	1	149-B_S350_L001_R1_001.fastq.gz	149-B_S350_L001_R2_001.fastq.gz	36002	36002	35489	35489	34152	34152	25085	25085	24509	0
149-C	149-C	1	149-C_S540_L001_R1_001.fastq.gz	149-C_S540_L001_R2_001.fastq.gz	54183	54183	53376	53376	48441	48441	12749	12749	12646	0
15-A	15-A	1	15-A_S15_L001_R1_001.fastq.gz	15-A_S15_L001_R2_001.fastq.gz	3068	3068	2913	2913	680	680	192	192	192	0
15-B	15-B	1	15-B_S205_L001_R1_001.fastq.gz	15-B_S205_L001_R2_001.fastq.gz	943	943	757	757	585	585	342	342	342	0
15-C	15-C	1	15-C_S395_L001_R1_001.fastq.gz	15-C_S395_L001_R2_001.fastq.gz	17288	17288	16951	16951	676	676	238	238	238	0
150-A	150-A	1	150-A_S161_L001_R1_001.fastq.gz	150-A_S161_L001_R2_001.fastq.gz	12792	12792	12598	12598	12308	12308	6442	6442	6432	0
150-B	150-B	1	150-B_S351_L001_R1_001.fastq.gz	150-B_S351_L001_R2_001.fastq.gz	24727	24727	24356	24356	23435	23435	17762	17762	17559	0
150-C	150-C	1	150-C_S541_L001_R1_001.fastq.gz	150-C_S541_L001_R2_001.fastq.gz	55033	55033	54497	54497	49918	49918	17231	17231	16786	0
151-A	151-A	1	151-A_S162_L001_R1_001.fastq.gz	151-A_S162_L001_R2_001.fastq.gz	13835	13835	13651	13651	13406	13406	6435	6435	6406	0
151-B	151-B	1	151-B_S352_L001_R1_001.fastq.gz	151-B_S352_L001_R2_001.fastq.gz	20575	20575	20283	20283	19420	19420	14258	14258	14078	0
151-C	151-C	1	151-C_S542_L001_R1_001.fastq.gz	151-C_S542_L001_R2_001.fastq.gz	39989	39989	39445	39445	35781	35781	7989	7989	7981	0
152-A	152-A	1	152-A_S163_L001_R1_001.fastq.gz	152-A_S163_L001_R2_001.fastq.gz	17298	17298	17051	17051	16771	16771	15297	15297	15051	0
152-B	152-B	1	152-B_S353_L001_R1_001.fastq.gz	152-B_S353_L001_R2_001.fastq.gz	17995	17995	17733	17733	16545	16545	15762	15762	15754	0
152-C	152-C	1	152-C_S543_L001_R1_001.fastq.gz	152-C_S543_L001_R2_001.fastq.gz	35122	35122	34596	34596	30684	30684	19548	19548	19004	0
153-A	153-A	1	153-A_S164_L001_R1_001.fastq.gz	153-A_S164_L001_R2_001.fastq.gz	21566	21566	21280	21280	21009	21009	19052	19052	18730	0
153-B	153-B	1	153-B_S354_L001_R1_001.fastq.gz	153-B_S354_L001_R2_001.fastq.gz	24754	24754	24348	24348	23847	23847	22772	22772	22342	0
153-C	153-C	1	153-C_S544_L001_R1_001.fastq.gz	153-C_S544_L001_R2_001.fastq.gz	44731	44731	44150	44150	42918	42918	28089	28089	27584	0
154-A	154-A	1	154-A_S165_L001_R1_001.fastq.gz	154-A_S165_L001_R2_001.fastq.gz	19243	19243	18895	18895	18404	18404	15904	15904	15714	0
154-B	154-B	1	154-B_S355_L001_R1_001.fastq.gz	154-B_S355_L001_R2_001.fastq.gz	42584	42584	41841	41841	40918	40918	37927	37927	37249	0
154-C	154-C	1	154-C_S545_L001_R1_001.fastq.gz	154-C_S545_L001_R2_001.fastq.gz	30344	30344	29669	29669	21124	21124	15508	15508	15331	0
155-A	155-A	1	155-A_S166_L001_R1_001.fastq.gz	155-A_S166_L001_R2_001.fastq.gz	6050	6050	5942	5942	645	645	482	482	482	0
155-B	155-B	1	155-B_S356_L001_R1_001.fastq.gz	155-B_S356_L001_R2_001.fastq.gz	10255	10255	10137	10137	697	697	530	530	530	0
155-C	155-C	1	155-C_S546_L001_R1_001.fastq.gz	155-C_S546_L001_R2_001.fastq.gz	15908	15908	15683	15683	794	794	413	413	413	0
156-A	156-A	1	156-A_S167_L001_R1_001.fastq.gz	156-A_S167_L001_R2_001.fastq.gz	34398	34398	33899	33899	33414	33414	20473	20473	20076	0
156-B	156-B	1	156-B_S357_L001_R1_001.fastq.gz	156-B_S357_L001_R2_001.fastq.gz	24976	24976	24561	24561	23896	23896	18596	18596	18132	0
156-C	156-C	1	156-C_S547_L001_R1_001.fastq.gz	156-C_S547_L001_R2_001.fastq.gz	48977	48977	48216	48216	29177	29177	4623	4623	4623	0
157-A	157-A	1	157-A_S168_L001_R1_001.fastq.gz	157-A_S168_L001_R2_001.fastq.gz	22050	22050	21693	21693	17740	17740	11100	11100	10981	0
157-B	157-B	1	157-B_S358_L001_R1_001.fastq.gz	157-B_S358_L001_R2_001.fastq.gz	22992	22992	22683	22683	20506	20506	15707	15707	15324	0
157-C	157-C	1	157-C_S548_L001_R1_001.fastq.gz	157-C_S548_L001_R2_001.fastq.gz	67902	67902	66816	66816	47138	47138	7190	7190	7125	0
158-A	158-A	1	158-A_S169_L001_R1_001.fastq.gz	158-A_S169_L001_R2_001.fastq.gz	13059	13059	12783	12783	7541	7541	4777	4777	4777	0
158-B	158-B	1	158-B_S359_L001_R1_001.fastq.gz	158-B_S359_L001_R2_001.fastq.gz	42122	42122	41532	41532	40588	40588	32894	32894	32443	0
158-C	158-C	1	158-C_S549_L001_R1_001.fastq.gz	158-C_S549_L001_R2_001.fastq.gz	25532	25532	25143	25143	21088	21088	7231	7231	7192	0
159-A	159-A	1	159-A_S170_L001_R1_001.fastq.gz	159-A_S170_L001_R2_001.fastq.gz	8319	8319	8204	8204	5399	5399	4902	4902	4862	0
159-B	159-B	1	159-B_S360_L001_R1_001.fastq.gz	159-B_S360_L001_R2_001.fastq.gz	27967	27967	27541	27541	27282	27282	25837	25837	25395	0
159-C	159-C	1	159-C_S550_L001_R1_001.fastq.gz	159-C_S550_L001_R2_001.fastq.gz	23672	23672	23343	23343	19298	19298	13975	13975	13778	0
16-A	16-A	1	16-A_S16_L001_R1_001.fastq.gz	16-A_S16_L001_R2_001.fastq.gz	19416	19416	19106	19106	18684	18684	17324	17324	17183	0
16-B	16-B	1	16-B_S206_L001_R1_001.fastq.gz	16-B_S206_L001_R2_001.fastq.gz	60481	60481	59564	59564	58396	58396	54826	54826	53828	0
16-C	16-C	1	16-C_S396_L001_R1_001.fastq.gz	16-C_S396_L001_R2_001.fastq.gz	50099	50099	49337	49337	47477	47477	43859	43859	43117	0
160-A	160-A	1	160-A_S171_L001_R1_001.fastq.gz	160-A_S171_L001_R2_001.fastq.gz	21086	21086	20759	20759	20354	20354	18792	18792	18560	0
160-B	160-B	1	160-B_S361_L001_R1_001.fastq.gz	160-B_S361_L001_R2_001.fastq.gz	50699	50699	49957	49957	49471	49471	46597	46597	45589	0
160-C	160-C	1	160-C_S551_L001_R1_001.fastq.gz	160-C_S551_L001_R2_001.fastq.gz	28919	28919	28501	28501	24845	24845	17469	17469	17290	0
161-A	161-A	1	161-A_S172_L001_R1_001.fastq.gz	161-A_S172_L001_R2_001.fastq.gz	8919	8919	8774	8774	8646	8646	7747	7747	7704	0
161-B	161-B	1	161-B_S362_L001_R1_001.fastq.gz	161-B_S362_L001_R2_001.fastq.gz	26908	26908	26484	26484	26219	26219	25080	25080	24915	0
161-C	161-C	1	161-C_S552_L001_R1_001.fastq.gz	161-C_S552_L001_R2_001.fastq.gz	32368	32368	31898	31898	27268	27268	19173	19173	18920	0
162-A	162-A	1	162-A_S173_L001_R1_001.fastq.gz	162-A_S173_L001_R2_001.fastq.gz	10220	10220	10074	10074	982	982	669	669	669	0
162-B	162-B	1	162-B_S363_L001_R1_001.fastq.gz	162-B_S363_L001_R2_001.fastq.gz	882	882	873	873	701	701	567	567	567	0
162-C	162-C	1	162-C_S553_L001_R1_001.fastq.gz	162-C_S553_L001_R2_001.fastq.gz	13243	13243	13036	13036	904	904	436	436	436	0
163-A	163-A	1	163-A_S174_L001_R1_001.fastq.gz	163-A_S174_L001_R2_001.fastq.gz	39855	39855	39284	39284	34714	34714	21088	21088	20925	0
163-B	163-B	1	163-B_S364_L001_R1_001.fastq.gz	163-B_S364_L001_R2_001.fastq.gz	29433	29433	29039	29039	26919	26919	22325	22325	22051	0
163-C	163-C	1	163-C_S554_L001_R1_001.fastq.gz	163-C_S554_L001_R2_001.fastq.gz	18017	18017	17739	17739	11474	11474	3987	3987	3978	0
164-A	164-A	1	164-A_S175_L001_R1_001.fastq.gz	164-A_S175_L001_R2_001.fastq.gz	39863	39863	39268	39268	33524	33524	21279	21279	21031	0
164-B	164-B	1	164-B_S365_L001_R1_001.fastq.gz	164-B_S365_L001_R2_001.fastq.gz	41026	41026	40425	40425	39741	39741	33361	33361	32342	0
164-C	164-C	1	164-C_S555_L001_R1_001.fastq.gz	164-C_S555_L001_R2_001.fastq.gz	22673	22673	22341	22341	15588	15588	6224	6224	6219	0
165-A	165-A	1	165-A_S176_L001_R1_001.fastq.gz	165-A_S176_L001_R2_001.fastq.gz	10914	10914	10789	10789	9557	9557	5938	5938	5906	0
165-B	165-B	1	165-B_S366_L001_R1_001.fastq.gz	165-B_S366_L001_R2_001.fastq.gz	34444	34444	33932	33932	33544	33544	28184	28184	27509	0
165-C	165-C	1	165-C_S556_L001_R1_001.fastq.gz	165-C_S556_L001_R2_001.fastq.gz	23499	23499	23197	23197	17270	17270	4696	4696	4662	0
166-A	166-A	1	166-A_S177_L001_R1_001.fastq.gz	166-A_S177_L001_R2_001.fastq.gz	19642	19642	19348	19348	19020	19020	16720	16720	16476	0
166-B	166-B	1	166-B_S367_L001_R1_001.fastq.gz	166-B_S367_L001_R2_001.fastq.gz	43544	43544	42947	42947	41464	41464	38306	38306	37846	0
166-C	166-C	1	166-C_S557_L001_R1_001.fastq.gz	166-C_S557_L001_R2_001.fastq.gz	35104	35104	34613	34613	30315	30315	21104	21104	20732	0
167-A	167-A	1	167-A_S178_L001_R1_001.fastq.gz	167-A_S178_L001_R2_001.fastq.gz	26339	26339	25939	25939	25556	25556	23497	23497	23179	0
167-B	167-B	1	167-B_S368_L001_R1_001.fastq.gz	167-B_S368_L001_R2_001.fastq.gz	45512	45512	44847	44847	44016	44016	41440	41440	40385	0
167-C	167-C	1	167-C_S558_L001_R1_001.fastq.gz	167-C_S558_L001_R2_001.fastq.gz	28382	28382	27983	27983	21165	21165	13748	13748	13552	0
168-A	168-A	1	168-A_S179_L001_R1_001.fastq.gz	168-A_S179_L001_R2_001.fastq.gz	22829	22829	22504	22504	22167	22167	19568	19568	19274	0
168-B	168-B	1	168-B_S369_L001_R1_001.fastq.gz	168-B_S369_L001_R2_001.fastq.gz	51006	51006	50301	50301	49754	49754	46191	46191	44522	0
168-C	168-C	1	168-C_S559_L001_R1_001.fastq.gz	168-C_S559_L001_R2_001.fastq.gz	21551	21551	21250	21250	14386	14386	7406	7406	7283	0
169-A	169-A	1	169-A_S180_L001_R1_001.fastq.gz	169-A_S180_L001_R2_001.fastq.gz	4245	4245	4177	4177	486	486	358	358	358	0
169-B	169-B	1	169-B_S370_L001_R1_001.fastq.gz	169-B_S370_L001_R2_001.fastq.gz	712	712	698	698	628	628	546	546	546	0
169-C	169-C	1	169-C_S560_L001_R1_001.fastq.gz	169-C_S560_L001_R2_001.fastq.gz	7626	7626	7532	7532	743	743	431	431	431	0
17-A	17-A	1	17-A_S17_L001_R1_001.fastq.gz	17-A_S17_L001_R2_001.fastq.gz	8916	8916	8749	8749	8539	8539	7932	7932	7894	0
17-B	17-B	1	17-B_S207_L001_R1_001.fastq.gz	17-B_S207_L001_R2_001.fastq.gz	16926	16926	16665	16665	16463	16463	15881	15881	15793	0
17-C	17-C	1	17-C_S397_L001_R1_001.fastq.gz	17-C_S397_L001_R2_001.fastq.gz	18882	18882	18603	18603	14926	14926	14095	14095	14069	0
170-A	170-A	1	170-A_S181_L001_R1_001.fastq.gz	170-A_S181_L001_R2_001.fastq.gz	54570	54570	53788	53788	51528	51528	32505	32505	32102	0
170-B	170-B	1	170-B_S371_L001_R1_001.fastq.gz	170-B_S371_L001_R2_001.fastq.gz	43677	43677	43067	43067	42219	42219	31984	31984	31364	0
170-C	170-C	1	170-C_S561_L001_R1_001.fastq.gz	170-C_S561_L001_R2_001.fastq.gz	37453	37453	36929	36929	30982	30982	12686	12686	12595	0
171-A	171-A	1	171-A_S182_L001_R1_001.fastq.gz	171-A_S182_L001_R2_001.fastq.gz	18824	18824	18551	18551	18243	18243	13243	13243	13226	0
171-B	171-B	1	171-B_S372_L001_R1_001.fastq.gz	171-B_S372_L001_R2_001.fastq.gz	40317	40317	39726	39726	38102	38102	31935	31935	31370	0
171-C	171-C	1	171-C_S562_L001_R1_001.fastq.gz	171-C_S562_L001_R2_001.fastq.gz	38177	38177	37630	37630	29115	29115	15107	15107	14922	0
172-A	172-A	1	172-A_S183_L001_R1_001.fastq.gz	172-A_S183_L001_R2_001.fastq.gz	26410	26410	26047	26047	25289	25289	18877	18877	18700	0
172-B	172-B	1	172-B_S373_L001_R1_001.fastq.gz	172-B_S373_L001_R2_001.fastq.gz	31982	31982	31526	31526	31144	31144	26788	26788	26278	0
172-C	172-C	1	172-C_S563_L001_R1_001.fastq.gz	172-C_S563_L001_R2_001.fastq.gz	40306	40306	39742	39742	32066	32066	19683	19683	19465	0
173-A	173-A	1	173-A_S184_L001_R1_001.fastq.gz	173-A_S184_L001_R2_001.fastq.gz	701	701	685	685	597	597	454	454	454	0
173-B	173-B	1	173-B_S374_L001_R1_001.fastq.gz	173-B_S374_L001_R2_001.fastq.gz	52525	52525	51820	51820	49174	49174	43779	43779	41105	0
173-C	173-C	1	173-C_S564_L001_R1_001.fastq.gz	173-C_S564_L001_R2_001.fastq.gz	23607	23607	23295	23295	20465	20465	15876	15876	14528	0
174-A	174-A	1	174-A_S185_L001_R1_001.fastq.gz	174-A_S185_L001_R2_001.fastq.gz	11491	11491	11266	11266	10987	10987	8997	8997	8795	0
174-B	174-B	1	174-B_S375_L001_R1_001.fastq.gz	174-B_S375_L001_R2_001.fastq.gz	29360	29360	28902	28902	28368	28368	25212	25212	23709	0
174-C	174-C	1	174-C_S565_L001_R1_001.fastq.gz	174-C_S565_L001_R2_001.fastq.gz	3274	3274	3184	3184	2326	2326	1355	1355	1355	0
175-A	175-A	1	175-A_S186_L001_R1_001.fastq.gz	175-A_S186_L001_R2_001.fastq.gz	13808	13808	13614	13614	13472	13472	11709	11709	11321	0
175-B	175-B	1	175-B_S376_L001_R1_001.fastq.gz	175-B_S376_L001_R2_001.fastq.gz	41686	41686	41094	41094	40687	40687	36739	36739	34158	0
175-C	175-C	1	175-C_S566_L001_R1_001.fastq.gz	175-C_S566_L001_R2_001.fastq.gz	2658	2658	2621	2621	2405	2405	853	853	853	0
176-A	176-A	1	176-A_S187_L001_R1_001.fastq.gz	176-A_S187_L001_R2_001.fastq.gz	7339	7339	7233	7233	756	756	511	511	511	0
176-B	176-B	1	176-B_S377_L001_R1_001.fastq.gz	176-B_S377_L001_R2_001.fastq.gz	8754	8754	8611	8611	851	851	690	690	690	0
176-C	176-C	1	176-C_S567_L001_R1_001.fastq.gz	176-C_S567_L001_R2_001.fastq.gz	4852	4852	4775	4775	1029	1029	638	638	638	0
18-A	18-A	1	18-A_S18_L001_R1_001.fastq.gz	18-A_S18_L001_R2_001.fastq.gz	32509	32509	31983	31983	30621	30621	28927	28927	28502	0
18-B	18-B	1	18-B_S208_L001_R1_001.fastq.gz	18-B_S208_L001_R2_001.fastq.gz	32635	32635	32095	32095	31812	31812	30744	30744	30220	0
18-C	18-C	1	18-C_S398_L001_R1_001.fastq.gz	18-C_S398_L001_R2_001.fastq.gz	26124	26124	25765	25765	25441	25441	23676	23676	23212	0
19-A	19-A	1	19-A_S19_L001_R1_001.fastq.gz	19-A_S19_L001_R2_001.fastq.gz	20409	20409	20116	20116	19365	19365	16223	16223	16083	0
19-B	19-B	1	19-B_S209_L001_R1_001.fastq.gz	19-B_S209_L001_R2_001.fastq.gz	34401	34401	33920	33920	33327	33327	31238	31238	30869	0
19-C	19-C	1	19-C_S399_L001_R1_001.fastq.gz	19-C_S399_L001_R2_001.fastq.gz	33957	33957	33467	33467	28657	28657	19082	19082	18784	0
2-A	2-A	1	2-A_S2_L001_R1_001.fastq.gz	2-A_S2_L001_R2_001.fastq.gz	46852	46852	46028	46028	43012	43012	35400	35400	34615	0
2-B	2-B	1	2-B_S192_L001_R1_001.fastq.gz	2-B_S192_L001_R2_001.fastq.gz	21642	21642	21172	21172	20739	20739	18220	18220	18058	0
2-C	2-C	1	2-C_S382_L001_R1_001.fastq.gz	2-C_S382_L001_R2_001.fastq.gz	56788	56788	55800	55800	53419	53419	34691	34691	34181	0
20-A	20-A	1	20-A_S20_L001_R1_001.fastq.gz	20-A_S20_L001_R2_001.fastq.gz	18294	18294	18009	18009	13384	13384	10862	10862	10798	0
20-B	20-B	1	20-B_S210_L001_R1_001.fastq.gz	20-B_S210_L001_R2_001.fastq.gz	20284	20284	19965	19965	19627	19627	17395	17395	17276	0
20-C	20-C	1	20-C_S400_L001_R1_001.fastq.gz	20-C_S400_L001_R2_001.fastq.gz	31414	31414	31009	31009	29680	29680	20607	20607	20428	0
21-A	21-A	1	21-A_S21_L001_R1_001.fastq.gz	21-A_S21_L001_R2_001.fastq.gz	18779	18779	18477	18477	14790	14790	12141	12141	12082	0
21-B	21-B	1	21-B_S211_L001_R1_001.fastq.gz	21-B_S211_L001_R2_001.fastq.gz	17677	17677	17406	17406	17229	17229	15646	15646	15486	0
21-C	21-C	1	21-C_S401_L001_R1_001.fastq.gz	21-C_S401_L001_R2_001.fastq.gz	24408	24408	23984	23984	22633	22633	16219	16219	15977	0
22-A	22-A	1	22-A_S22_L001_R1_001.fastq.gz	22-A_S22_L001_R2_001.fastq.gz	7926	7926	7788	7788	828	828	405	405	405	0
22-B	22-B	1	22-B_S212_L001_R1_001.fastq.gz	22-B_S212_L001_R2_001.fastq.gz	5884	5884	5797	5797	991	991	608	608	608	0
22-C	22-C	1	22-C_S402_L001_R1_001.fastq.gz	22-C_S402_L001_R2_001.fastq.gz	4997	4997	4930	4930	675	675	301	301	301	0
23-A	23-A	1	23-A_S23_L001_R1_001.fastq.gz	23-A_S23_L001_R2_001.fastq.gz	32255	32255	31816	31816	31074	31074	28075	28075	27573	0
23-B	23-B	1	23-B_S213_L001_R1_001.fastq.gz	23-B_S213_L001_R2_001.fastq.gz	27784	27784	27350	27350	26946	26946	25402	25402	24891	0
23-C	23-C	1	23-C_S403_L001_R1_001.fastq.gz	23-C_S403_L001_R2_001.fastq.gz	35020	35020	34523	34523	33211	33211	28326	28326	27626	0
24-A	24-A	1	24-A_S24_L001_R1_001.fastq.gz	24-A_S24_L001_R2_001.fastq.gz	40902	40902	40296	40296	39584	39584	35498	35498	34667	0
24-B	24-B	1	24-B_S214_L001_R1_001.fastq.gz	24-B_S214_L001_R2_001.fastq.gz	26932	26932	26516	26516	26261	26261	24217	24217	23747	0
24-C	24-C	1	24-C_S404_L001_R1_001.fastq.gz	24-C_S404_L001_R2_001.fastq.gz	27734	27734	27361	27361	23982	23982	19474	19474	19212	0
25-A	25-A	1	25-A_S25_L001_R1_001.fastq.gz	25-A_S25_L001_R2_001.fastq.gz	29856	29856	29401	29401	28439	28439	25319	25319	24722	0
25-A2	25-A2	1	25-A2_S33_L001_R1_001.fastq.gz	25-A2_S33_L001_R2_001.fastq.gz	24178	24178	23836	23836	23030	23030	20438	20438	20071	0
25-B	25-B	1	25-B_S215_L001_R1_001.fastq.gz	25-B_S215_L001_R2_001.fastq.gz	20745	20745	20393	20393	20101	20101	18717	18717	18389	0
25-B2	25-B2	1	25-B2_S223_L001_R1_001.fastq.gz	25-B2_S223_L001_R2_001.fastq.gz	32761	32761	32262	32262	30896	30896	28599	28599	28122	0
25-C	25-C	1	25-C_S405_L001_R1_001.fastq.gz	25-C_S405_L001_R2_001.fastq.gz	24072	24072	23701	23701	21837	21837	16962	16962	16672	0
25-C2	25-C2	1	25-C2_S413_L001_R1_001.fastq.gz	25-C2_S413_L001_R2_001.fastq.gz	104202	104202	102597	102597	84283	84283	65388	65388	63705	0
26-A	26-A	1	26-A_S26_L001_R1_001.fastq.gz	26-A_S26_L001_R2_001.fastq.gz	261373	261373	257677	257677	201887	201887	165016	165016	159568	0
26-A2	26-A2	1	26-A2_S34_L001_R1_001.fastq.gz	26-A2_S34_L001_R2_001.fastq.gz	13441	13441	13217	13217	10816	10816	8860	8860	8834	0
26-B	26-B	1	26-B_S216_L001_R1_001.fastq.gz	26-B_S216_L001_R2_001.fastq.gz	22542	22542	22234	22234	21821	21821	19105	19105	18937	0
26-B2	26-B2	1	26-B2_S224_L001_R1_001.fastq.gz	26-B2_S224_L001_R2_001.fastq.gz	29243	29243	28820	28820	28515	28515	25738	25738	25424	0
26-C	26-C	1	26-C_S406_L001_R1_001.fastq.gz	26-C_S406_L001_R2_001.fastq.gz	19602	19602	19321	19321	17519	17519	12177	12177	12109	0
26-C2	26-C2	1	26-C2_S414_L001_R1_001.fastq.gz	26-C2_S414_L001_R2_001.fastq.gz	48905	48905	48211	48211	44770	44770	32518	32518	32074	0
27-A	27-A	1	27-A_S27_L001_R1_001.fastq.gz	27-A_S27_L001_R2_001.fastq.gz	75530	75530	74441	74441	71611	71611	59601	59601	57737	0
27-A2	27-A2	1	27-A2_S35_L001_R1_001.fastq.gz	27-A2_S35_L001_R2_001.fastq.gz	41299	41299	40742	40742	39824	39824	33377	33377	32582	0
27-B	27-B	1	27-B_S217_L001_R1_001.fastq.gz	27-B_S217_L001_R2_001.fastq.gz	13656	13656	13429	13429	12421	12421	10781	10781	10684	0
27-B2	27-B2	1	27-B2_S225_L001_R1_001.fastq.gz	27-B2_S225_L001_R2_001.fastq.gz	26196	26196	25800	25800	25356	25356	22995	22995	22795	0
27-C	27-C	1	27-C_S407_L001_R1_001.fastq.gz	27-C_S407_L001_R2_001.fastq.gz	29642	29642	29212	29212	27949	27949	20365	20365	20230	0
27-C2	27-C2	1	27-C2_S415_L001_R1_001.fastq.gz	27-C2_S415_L001_R2_001.fastq.gz	63236	63236	62114	62114	49503	49503	38860	38860	38476	0
28-A	28-A	1	28-A_S28_L001_R1_001.fastq.gz	28-A_S28_L001_R2_001.fastq.gz	60023	60023	59194	59194	53424	53424	44697	44697	43938	0
28-A2	28-A2	1	28-A2_S36_L001_R1_001.fastq.gz	28-A2_S36_L001_R2_001.fastq.gz	30370	30370	29904	29904	27479	27479	22878	22878	22650	0
28-B	28-B	1	28-B_S218_L001_R1_001.fastq.gz	28-B_S218_L001_R2_001.fastq.gz	14976	14976	14758	14758	14488	14488	12779	12779	12694	0
28-B2	28-B2	1	28-B2_S226_L001_R1_001.fastq.gz	28-B2_S226_L001_R2_001.fastq.gz	20937	20937	20612	20612	20289	20289	18190	18190	18023	0
28-C	28-C	1	28-C_S408_L001_R1_001.fastq.gz	28-C_S408_L001_R2_001.fastq.gz	23629	23629	23264	23264	21995	21995	16041	16041	15921	0
28-C2	28-C2	1	28-C2_S416_L001_R1_001.fastq.gz	28-C2_S416_L001_R2_001.fastq.gz	76556	76556	75337	75337	72870	72870	49949	49949	48405	0
29-A	29-A	1	29-A_S29_L001_R1_001.fastq.gz	29-A_S29_L001_R2_001.fastq.gz	16885	16885	16649	16649	886	886	417	417	417	0
29-A2	29-A2	1	29-A2_S37_L001_R1_001.fastq.gz	29-A2_S37_L001_R2_001.fastq.gz	19076	19076	18778	18778	515	515	207	207	207	0
29-B	29-B	1	29-B_S219_L001_R1_001.fastq.gz	29-B_S219_L001_R2_001.fastq.gz	890	890	852	852	516	516	340	340	340	0
29-B2	29-B2	1	29-B2_S227_L001_R1_001.fastq.gz	29-B2_S227_L001_R2_001.fastq.gz	10090	10090	9921	9921	384	384	200	200	200	0
29-C	29-C	1	29-C_S409_L001_R1_001.fastq.gz	29-C_S409_L001_R2_001.fastq.gz	5128	5128	5051	5051	673	673	224	224	224	0
29-C2	29-C2	1	29-C2_S417_L001_R1_001.fastq.gz	29-C2_S417_L001_R2_001.fastq.gz	13662	13662	13462	13462	522	522	199	199	199	0
3-A	3-A	1	3-A_S3_L001_R1_001.fastq.gz	3-A_S3_L001_R2_001.fastq.gz	27713	27713	27310	27310	26527	26527	19906	19906	19705	0
3-B	3-B	1	3-B_S193_L001_R1_001.fastq.gz	3-B_S193_L001_R2_001.fastq.gz	25145	25145	24787	24787	18164	18164	15656	15656	15605	0
3-C	3-C	1	3-C_S383_L001_R1_001.fastq.gz	3-C_S383_L001_R2_001.fastq.gz	40186	40186	39609	39609	32810	32810	20035	20035	19981	0
30-A	30-A	1	30-A_S30_L001_R1_001.fastq.gz	30-A_S30_L001_R2_001.fastq.gz	38855	38855	38309	38309	36662	36662	25208	25208	24975	0
30-A2	30-A2	1	30-A2_S38_L001_R1_001.fastq.gz	30-A2_S38_L001_R2_001.fastq.gz	24761	24761	24395	24395	23981	23981	15235	15235	15175	0
30-B	30-B	1	30-B_S220_L001_R1_001.fastq.gz	30-B_S220_L001_R2_001.fastq.gz	95526	95526	94180	94180	93281	93281	77582	77582	75067	0
30-B2	30-B2	1	30-B2_S228_L001_R1_001.fastq.gz	30-B2_S228_L001_R2_001.fastq.gz	19963	19963	19649	19649	19391	19391	16256	16256	16070	0
30-C	30-C	1	30-C_S410_L001_R1_001.fastq.gz	30-C_S410_L001_R2_001.fastq.gz	29411	29411	29001	29001	26753	26753	14398	14398	14274	0
30-C2	30-C2	1	30-C2_S418_L001_R1_001.fastq.gz	30-C2_S418_L001_R2_001.fastq.gz	67367	67367	65852	65852	58809	58809	29671	29671	29477	0
31-A	31-A	1	31-A_S31_L001_R1_001.fastq.gz	31-A_S31_L001_R2_001.fastq.gz	40860	40860	40305	40305	38943	38943	28398	28398	27753	0
31-A2	31-A2	1	31-A2_S39_L001_R1_001.fastq.gz	31-A2_S39_L001_R2_001.fastq.gz	28209	28209	27837	27837	27105	27105	19330	19330	18931	0
31-B	31-B	1	31-B_S221_L001_R1_001.fastq.gz	31-B_S221_L001_R2_001.fastq.gz	58437	58437	57528	57528	41022	41022	33797	33797	33344	0
31-B2	31-B2	1	31-B2_S229_L001_R1_001.fastq.gz	31-B2_S229_L001_R2_001.fastq.gz	24165	24165	23825	23825	23503	23503	20315	20315	19887	0
31-C	31-C	1	31-C_S411_L001_R1_001.fastq.gz	31-C_S411_L001_R2_001.fastq.gz	30166	30166	29762	29762	26693	26693	14600	14600	14466	0
31-C2	31-C2	1	31-C2_S419_L001_R1_001.fastq.gz	31-C2_S419_L001_R2_001.fastq.gz	152395	152395	150190	150190	125911	125911	61236	61236	59638	0
32-A	32-A	1	32-A_S32_L001_R1_001.fastq.gz	32-A_S32_L001_R2_001.fastq.gz	40878	40878	40304	40304	38398	38398	26938	26938	26097	0
32-A2	32-A2	1	32-A2_S40_L001_R1_001.fastq.gz	32-A2_S40_L001_R2_001.fastq.gz	26627	26627	26200	26200	25526	25526	18060	18060	17746	0
32-B	32-B	1	32-B_S222_L001_R1_001.fastq.gz	32-B_S222_L001_R2_001.fastq.gz	95703	95703	94266	94266	93118	93118	76160	76160	73956	0
32-B2	32-B2	1	32-B2_S230_L001_R1_001.fastq.gz	32-B2_S230_L001_R2_001.fastq.gz	21433	21433	21101	21101	20821	20821	17178	17178	16738	0
32-C	32-C	1	32-C_S412_L001_R1_001.fastq.gz	32-C_S412_L001_R2_001.fastq.gz	24518	24518	24133	24133	21416	21416	10029	10029	9923	0
32-C2	32-C2	1	32-C2_S420_L001_R1_001.fastq.gz	32-C2_S420_L001_R2_001.fastq.gz	68236	68236	67218	67218	62961	62961	26781	26781	26473	0
33-A	33-A	1	33-A_S41_L001_R1_001.fastq.gz	33-A_S41_L001_R2_001.fastq.gz	13332	13332	13123	13123	12304	12304	9782	9782	9735	0
33-B	33-B	1	33-B_S231_L001_R1_001.fastq.gz	33-B_S231_L001_R2_001.fastq.gz	18757	18757	18438	18438	18138	18138	16329	16329	16131	0
33-C	33-C	1	33-C_S421_L001_R1_001.fastq.gz	33-C_S421_L001_R2_001.fastq.gz	18105	18105	17828	17828	17410	17410	11207	11207	11124	0
34-A	34-A	1	34-A_S42_L001_R1_001.fastq.gz	34-A_S42_L001_R2_001.fastq.gz	18002	18002	17724	17724	14061	14061	12099	12099	12009	0
34-B	34-B	1	34-B_S232_L001_R1_001.fastq.gz	34-B_S232_L001_R2_001.fastq.gz	36712	36712	36189	36189	35859	35859	33308	33308	32832	0
34-C	34-C	1	34-C_S422_L001_R1_001.fastq.gz	34-C_S422_L001_R2_001.fastq.gz	31780	31780	31327	31327	30044	30044	23708	23708	23445	0
35-A	35-A	1	35-A_S43_L001_R1_001.fastq.gz	35-A_S43_L001_R2_001.fastq.gz	20900	20900	20608	20608	19977	19977	15602	15602	15372	0
35-B	35-B	1	35-B_S233_L001_R1_001.fastq.gz	35-B_S233_L001_R2_001.fastq.gz	27935	27935	27502	27502	26999	26999	23633	23633	23297	0
35-C	35-C	1	35-C_S423_L001_R1_001.fastq.gz	35-C_S423_L001_R2_001.fastq.gz	35103	35103	34608	34608	30312	30312	21714	21714	21417	0
36-A	36-A	1	36-A_S44_L001_R1_001.fastq.gz	36-A_S44_L001_R2_001.fastq.gz	17566	17566	17326	17326	631	631	199	199	199	0
36-B	36-B	1	36-B_S234_L001_R1_001.fastq.gz	36-B_S234_L001_R2_001.fastq.gz	1171	1171	1146	1146	416	416	258	258	258	0
36-C	36-C	1	36-C_S424_L001_R1_001.fastq.gz	36-C_S424_L001_R2_001.fastq.gz	7772	7772	7663	7663	472	472	203	203	203	0
37-A	37-A	1	37-A_S45_L001_R1_001.fastq.gz	37-A_S45_L001_R2_001.fastq.gz	4188	4188	4142	4142	3355	3355	2308	2308	2307	0
37-B	37-B	1	37-B_S235_L001_R1_001.fastq.gz	37-B_S235_L001_R2_001.fastq.gz	2830	2830	2779	2779	1798	1798	1236	1236	1233	0
37-C	37-C	1	37-C_S425_L001_R1_001.fastq.gz	37-C_S425_L001_R2_001.fastq.gz	9767	9767	9653	9653	8949	8949	6226	6226	6182	0
38-A	38-A	1	38-A_S46_L001_R1_001.fastq.gz	38-A_S46_L001_R2_001.fastq.gz	25539	25539	25165	25165	21578	21578	15033	15033	14868	0
38-B	38-B	1	38-B_S236_L001_R1_001.fastq.gz	38-B_S236_L001_R2_001.fastq.gz	16652	16652	16371	16371	16134	16134	13446	13446	13217	0
38-C	38-C	1	38-C_S426_L001_R1_001.fastq.gz	38-C_S426_L001_R2_001.fastq.gz	27442	27442	27012	27012	24518	24518	13249	13249	13119	0
39-A	39-A	1	39-A_S47_L001_R1_001.fastq.gz	39-A_S47_L001_R2_001.fastq.gz	15806	15806	15582	15582	15002	15002	10961	10961	10888	0
39-B	39-B	1	39-B_S237_L001_R1_001.fastq.gz	39-B_S237_L001_R2_001.fastq.gz	22422	22422	22015	22015	5429	5429	4217	4217	4214	0
39-C	39-C	1	39-C_S427_L001_R1_001.fastq.gz	39-C_S427_L001_R2_001.fastq.gz	23056	23056	22689	22689	19826	19826	12049	12049	11913	0
4-A	4-A	1	4-A_S4_L001_R1_001.fastq.gz	4-A_S4_L001_R2_001.fastq.gz	70817	70817	69866	69866	45955	45955	36668	36668	36387	0
4-B	4-B	1	4-B_S194_L001_R1_001.fastq.gz	4-B_S194_L001_R2_001.fastq.gz	74240	74240	73309	73309	72210	72210	63454	63454	62047	0
4-C	4-C	1	4-C_S384_L001_R1_001.fastq.gz	4-C_S384_L001_R2_001.fastq.gz	66643	66643	65800	65800	55788	55788	35296	35296	33948	0
40-A	40-A	1	40-A_S48_L001_R1_001.fastq.gz	40-A_S48_L001_R2_001.fastq.gz	30084	30084	29688	29688	28430	28430	18298	18298	17768	0
40-B	40-B	1	40-B_S238_L001_R1_001.fastq.gz	40-B_S238_L001_R2_001.fastq.gz	30835	30835	30356	30356	30054	30054	25288	25288	24776	0
40-C	40-C	1	40-C_S428_L001_R1_001.fastq.gz	40-C_S428_L001_R2_001.fastq.gz	26087	26087	25734	25734	22697	22697	8330	8330	8297	0
41-A	41-A	1	41-A_S49_L001_R1_001.fastq.gz	41-A_S49_L001_R2_001.fastq.gz	16255	16255	16057	16057	14743	14743	10739	10739	10652	0
41-B	41-B	1	41-B_S239_L001_R1_001.fastq.gz	41-B_S239_L001_R2_001.fastq.gz	5793	5793	5700	5700	5409	5409	4075	4075	4064	0
41-C	41-C	1	41-C_S429_L001_R1_001.fastq.gz	41-C_S429_L001_R2_001.fastq.gz	40849	40849	40320	40320	39221	39221	21377	21377	21230	0
42-A	42-A	1	42-A_S50_L001_R1_001.fastq.gz	42-A_S50_L001_R2_001.fastq.gz	16349	16349	16112	16112	11107	11107	6925	6925	6883	0
42-B	42-B	1	42-B_S240_L001_R1_001.fastq.gz	42-B_S240_L001_R2_001.fastq.gz	67415	67415	66427	66427	65561	65561	54169	54169	52957	0
42-C	42-C	1	42-C_S430_L001_R1_001.fastq.gz	42-C_S430_L001_R2_001.fastq.gz	14898	14898	14677	14677	9799	9799	4028	4028	4000	0
43-A	43-A	1	43-A_S51_L001_R1_001.fastq.gz	43-A_S51_L001_R2_001.fastq.gz	6275	6275	6104	6104	1118	1118	238	238	238	0
43-B	43-B	1	43-B_S241_L001_R1_001.fastq.gz	43-B_S241_L001_R2_001.fastq.gz	705	705	633	633	542	542	334	334	334	0
43-C	43-C	1	43-C_S431_L001_R1_001.fastq.gz	43-C_S431_L001_R2_001.fastq.gz	11872	11872	11646	11646	3341	3341	182	182	182	0
44-A	44-A	1	44-A_S52_L001_R1_001.fastq.gz	44-A_S52_L001_R2_001.fastq.gz	18940	18940	18688	18688	14551	14551	10266	10266	10256	0
44-B	44-B	1	44-B_S242_L001_R1_001.fastq.gz	44-B_S242_L001_R2_001.fastq.gz	642	642	631	631	535	535	340	340	340	0
44-C	44-C	1	44-C_S432_L001_R1_001.fastq.gz	44-C_S432_L001_R2_001.fastq.gz	25872	25872	25499	25499	21113	21113	9322	9322	9274	0
45-A	45-A	1	45-A_S53_L001_R1_001.fastq.gz	45-A_S53_L001_R2_001.fastq.gz	26210	26210	25884	25884	22202	22202	14696	14696	14585	0
45-B	45-B	1	45-B_S243_L001_R1_001.fastq.gz	45-B_S243_L001_R2_001.fastq.gz	19556	19556	19266	19266	19028	19028	15648	15648	15495	0
45-C	45-C	1	45-C_S433_L001_R1_001.fastq.gz	45-C_S433_L001_R2_001.fastq.gz	22754	22754	22430	22430	20549	20549	12100	12100	12019	0
46-A	46-A	1	46-A_S54_L001_R1_001.fastq.gz	46-A_S54_L001_R2_001.fastq.gz	27254	27254	26894	26894	24927	24927	14084	14084	13984	0
46-B	46-B	1	46-B_S244_L001_R1_001.fastq.gz	46-B_S244_L001_R2_001.fastq.gz	22630	22630	22298	22298	19390	19390	14598	14598	14512	0
46-C	46-C	1	46-C_S434_L001_R1_001.fastq.gz	46-C_S434_L001_R2_001.fastq.gz	25770	25770	25406	25406	23462	23462	9745	9745	9711	0
47-A	47-A	1	47-A_S55_L001_R1_001.fastq.gz	47-A_S55_L001_R2_001.fastq.gz	3285	3285	3232	3232	359	359	217	217	217	0
47-B	47-B	1	47-B_S245_L001_R1_001.fastq.gz	47-B_S245_L001_R2_001.fastq.gz	2715	2715	2671	2671	364	364	241	241	241	0
47-C	47-C	1	47-C_S435_L001_R1_001.fastq.gz	47-C_S435_L001_R2_001.fastq.gz	7871	7871	7763	7763	397	397	213	213	213	0
48-A	48-A	1	48-A_S56_L001_R1_001.fastq.gz	48-A_S56_L001_R2_001.fastq.gz	33861	33861	33350	33350	32690	32690	21545	21545	21271	0
48-B	48-B	1	48-B_S246_L001_R1_001.fastq.gz	48-B_S246_L001_R2_001.fastq.gz	32404	32404	31922	31922	31401	31401	25149	25149	24672	0
48-C	48-C	1	48-C_S436_L001_R1_001.fastq.gz	48-C_S436_L001_R2_001.fastq.gz	24892	24892	24544	24544	22995	22995	8974	8974	8720	0
49-A	49-A	1	49-A_S57_L001_R1_001.fastq.gz	49-A_S57_L001_R2_001.fastq.gz	18722	18722	18470	18470	18022	18022	12984	12984	12789	0
49-B	49-B	1	49-B_S247_L001_R1_001.fastq.gz	49-B_S247_L001_R2_001.fastq.gz	8568	8568	8438	8438	8264	8264	6799	6799	6799	0
49-C	49-C	1	49-C_S437_L001_R1_001.fastq.gz	49-C_S437_L001_R2_001.fastq.gz	34868	34868	34369	34369	33664	33664	19506	19506	19370	0
5-A	5-A	1	5-A_S5_L001_R1_001.fastq.gz	5-A_S5_L001_R2_001.fastq.gz	32091	32091	31625	31625	23680	23680	18949	18949	18875	0
5-B	5-B	1	5-B_S195_L001_R1_001.fastq.gz	5-B_S195_L001_R2_001.fastq.gz	28768	28768	28329	28329	27030	27030	24116	24116	23668	0
5-C	5-C	1	5-C_S385_L001_R1_001.fastq.gz	5-C_S385_L001_R2_001.fastq.gz	49893	49893	49241	49241	43601	43601	25160	25160	24906	0
50-A	50-A	1	50-A_S58_L001_R1_001.fastq.gz	50-A_S58_L001_R2_001.fastq.gz	6745	6745	6595	6595	673	673	62	62	62	0
50-B	50-B	1	50-B_S248_L001_R1_001.fastq.gz	50-B_S248_L001_R2_001.fastq.gz	4591	4591	4508	4508	349	349	113	113	113	0
50-C	50-C	1	50-C_S438_L001_R1_001.fastq.gz	50-C_S438_L001_R2_001.fastq.gz	3928	3928	3870	3870	285	285	130	130	130	0
51-A	51-A	1	51-A_S59_L001_R1_001.fastq.gz	51-A_S59_L001_R2_001.fastq.gz	17779	17779	17505	17505	16966	16966	12371	12371	12347	0
51-B	51-B	1	51-B_S249_L001_R1_001.fastq.gz	51-B_S249_L001_R2_001.fastq.gz	20225	20225	19906	19906	19633	19633	16741	16741	16579	0
51-C	51-C	1	51-C_S439_L001_R1_001.fastq.gz	51-C_S439_L001_R2_001.fastq.gz	30881	30881	30440	30440	29240	29240	18491	18491	18356	0
52-A	52-A	1	52-A_S60_L001_R1_001.fastq.gz	52-A_S60_L001_R2_001.fastq.gz	29443	29443	29056	29056	23130	23130	15921	15921	15855	0
52-B	52-B	1	52-B_S250_L001_R1_001.fastq.gz	52-B_S250_L001_R2_001.fastq.gz	11409	11409	11237	11237	6658	6658	4515	4515	4501	0
52-C	52-C	1	52-C_S440_L001_R1_001.fastq.gz	52-C_S440_L001_R2_001.fastq.gz	52047	52047	51292	51292	45832	45832	20416	20416	20069	0
53-A	53-A	1	53-A_S61_L001_R1_001.fastq.gz	53-A_S61_L001_R2_001.fastq.gz	23903	23903	23521	23521	22374	22374	16792	16792	16671	0
53-B	53-B	1	53-B_S251_L001_R1_001.fastq.gz	53-B_S251_L001_R2_001.fastq.gz	13514	13514	13309	13309	7603	7603	5855	5855	5855	0
53-C	53-C	1	53-C_S441_L001_R1_001.fastq.gz	53-C_S441_L001_R2_001.fastq.gz	27135	27135	26756	26756	26086	26086	17302	17302	17108	0
54-A	54-A	1	54-A_S62_L001_R1_001.fastq.gz	54-A_S62_L001_R2_001.fastq.gz	56273	56273	55460	55460	52202	52202	35223	35223	34602	0
54-B	54-B	1	54-B_S252_L001_R1_001.fastq.gz	54-B_S252_L001_R2_001.fastq.gz	25797	25797	25397	25397	12089	12089	8552	8552	8512	0
54-C	54-C	1	54-C_S442_L001_R1_001.fastq.gz	54-C_S442_L001_R2_001.fastq.gz	20412	20412	20062	20062	9419	9419	4233	4233	4233	0
55-A	55-A	1	55-A_S63_L001_R1_001.fastq.gz	55-A_S63_L001_R2_001.fastq.gz	41720	41720	40728	40728	38307	38307	26938	26938	26549	0
55-B	55-B	1	55-B_S253_L001_R1_001.fastq.gz	55-B_S253_L001_R2_001.fastq.gz	19649	19649	19150	19150	18357	18357	14947	14947	14653	0
55-C	55-C	1	55-C_S443_L001_R1_001.fastq.gz	55-C_S443_L001_R2_001.fastq.gz	17344	17344	16801	16801	6484	6484	4080	4080	4071	0
56-A	56-A	1	56-A_S64_L001_R1_001.fastq.gz	56-A_S64_L001_R2_001.fastq.gz	37605	37605	37106	37106	35825	35825	26648	26648	26301	0
56-B	56-B	1	56-B_S254_L001_R1_001.fastq.gz	56-B_S254_L001_R2_001.fastq.gz	30322	30322	29871	29871	29354	29354	23856	23856	23530	0
56-C	56-C	1	56-C_S444_L001_R1_001.fastq.gz	56-C_S444_L001_R2_001.fastq.gz	33400	33400	32954	32954	29244	29244	13774	13774	13658	0
57-A	57-A	1	57-A_S65_L001_R1_001.fastq.gz	57-A_S65_L001_R2_001.fastq.gz	3316	3316	3257	3257	708	708	345	345	345	0
57-B	57-B	1	57-B_S255_L001_R1_001.fastq.gz	57-B_S255_L001_R2_001.fastq.gz	4417	4417	4357	4357	633	633	191	191	191	0
57-C	57-C	1	57-C_S445_L001_R1_001.fastq.gz	57-C_S445_L001_R2_001.fastq.gz	1335	1335	1320	1320	527	527	209	209	209	0
58-A	58-A	1	58-A_S66_L001_R1_001.fastq.gz	58-A_S66_L001_R2_001.fastq.gz	23701	23701	23380	23380	21759	21759	18764	18764	18228	0
58-B	58-B	1	58-B_S256_L001_R1_001.fastq.gz	58-B_S256_L001_R2_001.fastq.gz	15531	15531	15296	15296	15080	15080	13658	13658	13364	0
58-C	58-C	1	58-C_S446_L001_R1_001.fastq.gz	58-C_S446_L001_R2_001.fastq.gz	26267	26267	25863	25863	23028	23028	16885	16885	16597	0
59-A	59-A	1	59-A_S67_L001_R1_001.fastq.gz	59-A_S67_L001_R2_001.fastq.gz	21205	21205	20933	20933	20324	20324	17111	17111	16833	0
59-B	59-B	1	59-B_S257_L001_R1_001.fastq.gz	59-B_S257_L001_R2_001.fastq.gz	26012	26012	25640	25640	24979	24979	22767	22767	22513	0
59-C	59-C	1	59-C_S447_L001_R1_001.fastq.gz	59-C_S447_L001_R2_001.fastq.gz	26903	26903	26514	26514	25589	25589	17519	17519	17253	0
6-A	6-A	1	6-A_S6_L001_R1_001.fastq.gz	6-A_S6_L001_R2_001.fastq.gz	79874	79874	78808	78808	75695	75695	56935	56935	55181	0
6-B	6-B	1	6-B_S196_L001_R1_001.fastq.gz	6-B_S196_L001_R2_001.fastq.gz	35192	35192	34677	34677	34137	34137	29274	29274	29053	0
6-C	6-C	1	6-C_S386_L001_R1_001.fastq.gz	6-C_S386_L001_R2_001.fastq.gz	74900	74900	73997	73997	70691	70691	40602	40602	39811	0
60-A	60-A	1	60-A_S68_L001_R1_001.fastq.gz	60-A_S68_L001_R2_001.fastq.gz	42429	42429	41799	41799	35372	35372	27360	27360	26863	0
60-B	60-B	1	60-B_S258_L001_R1_001.fastq.gz	60-B_S258_L001_R2_001.fastq.gz	24399	24399	24106	24106	23645	23645	19762	19762	19402	0
60-C	60-C	1	60-C_S448_L001_R1_001.fastq.gz	60-C_S448_L001_R2_001.fastq.gz	19620	19620	19334	19334	18631	18631	9740	9740	9665	0
61-A	61-A	1	61-A_S69_L001_R1_001.fastq.gz	61-A_S69_L001_R2_001.fastq.gz	9898	9898	9733	9733	720	720	324	324	324	0
61-B	61-B	1	61-B_S259_L001_R1_001.fastq.gz	61-B_S259_L001_R2_001.fastq.gz	26120	26120	25581	25581	19590	19590	13718	13718	13550	0
61-C	61-C	1	61-C_S449_L001_R1_001.fastq.gz	61-C_S449_L001_R2_001.fastq.gz	19103	19103	18762	18762	16783	16783	7887	7887	7850	0
62-A	62-A	1	62-A_S70_L001_R1_001.fastq.gz	62-A_S70_L001_R2_001.fastq.gz	63803	63803	62931	62931	59591	59591	42656	42656	40046	0
62-B	62-B	1	62-B_S260_L001_R1_001.fastq.gz	62-B_S260_L001_R2_001.fastq.gz	17161	17161	16907	16907	16593	16593	13669	13669	13566	0
62-C	62-C	1	62-C_S450_L001_R1_001.fastq.gz	62-C_S450_L001_R2_001.fastq.gz	22067	22067	21750	21750	21185	21185	12313	12313	12222	0
63-A	63-A	1	63-A_S71_L001_R1_001.fastq.gz	63-A_S71_L001_R2_001.fastq.gz	43557	43557	42856	42856	41981	41981	30092	30092	29521	0
63-B	63-B	1	63-B_S261_L001_R1_001.fastq.gz	63-B_S261_L001_R2_001.fastq.gz	20432	20432	20115	20115	19481	19481	16551	16551	16315	0
63-C	63-C	1	63-C_S451_L001_R1_001.fastq.gz	63-C_S451_L001_R2_001.fastq.gz	17600	17600	17130	17130	8982	8982	5281	5281	5273	0
64-A	64-A	1	64-A_S72_L001_R1_001.fastq.gz	64-A_S72_L001_R2_001.fastq.gz	14185	14185	13956	13956	843	843	295	295	295	0
64-B	64-B	1	64-B_S262_L001_R1_001.fastq.gz	64-B_S262_L001_R2_001.fastq.gz	681	681	663	663	514	514	224	224	224	0
64-C	64-C	1	64-C_S452_L001_R1_001.fastq.gz	64-C_S452_L001_R2_001.fastq.gz	6796	6796	6700	6700	629	629	135	135	135	0
65-A	65-A	1	65-A_S73_L001_R1_001.fastq.gz	65-A_S73_L001_R2_001.fastq.gz	17698	17698	17453	17453	16989	16989	13532	13532	13393	0
65-B	65-B	1	65-B_S263_L001_R1_001.fastq.gz	65-B_S263_L001_R2_001.fastq.gz	12055	12055	11868	11868	11548	11548	10120	10120	9941	0
65-C	65-C	1	65-C_S453_L001_R1_001.fastq.gz	65-C_S453_L001_R2_001.fastq.gz	16907	16907	16654	16654	16281	16281	10682	10682	10523	0
66-A	66-A	1	66-A_S74_L001_R1_001.fastq.gz	66-A_S74_L001_R2_001.fastq.gz	20159	20159	19893	19893	17577	17577	14893	14893	14747	0
66-B	66-B	1	66-B_S264_L001_R1_001.fastq.gz	66-B_S264_L001_R2_001.fastq.gz	12373	12373	12189	12189	12058	12058	10758	10758	10682	0
66-C	66-C	1	66-C_S454_L001_R1_001.fastq.gz	66-C_S454_L001_R2_001.fastq.gz	24246	24246	23869	23869	22831	22831	16431	16431	16296	0
67-A	67-A	1	67-A_S75_L001_R1_001.fastq.gz	67-A_S75_L001_R2_001.fastq.gz	21377	21377	21075	21075	20198	20198	16004	16004	15756	0
67-B	67-B	1	67-B_S265_L001_R1_001.fastq.gz	67-B_S265_L001_R2_001.fastq.gz	18338	18338	18077	18077	17763	17763	15348	15348	15208	0
67-C	67-C	1	67-C_S455_L001_R1_001.fastq.gz	67-C_S455_L001_R2_001.fastq.gz	26308	26308	25928	25928	24706	24706	15324	15324	15148	0
68-A	68-A	1	68-A_S76_L001_R1_001.fastq.gz	68-A_S76_L001_R2_001.fastq.gz	21483	21483	21190	21190	18665	18665	16021	16021	15884	0
68-B	68-B	1	68-B_S266_L001_R1_001.fastq.gz	68-B_S266_L001_R2_001.fastq.gz	13546	13546	13353	13353	13030	13030	11800	11800	11695	0
68-C	68-C	1	68-C_S456_L001_R1_001.fastq.gz	68-C_S456_L001_R2_001.fastq.gz	40715	40715	40167	40167	38281	38281	25513	25513	25148	0
69-A	69-A	1	69-A_S77_L001_R1_001.fastq.gz	69-A_S77_L001_R2_001.fastq.gz	19980	19980	19676	19676	18808	18808	15875	15875	15690	0
69-B	69-B	1	69-B_S267_L001_R1_001.fastq.gz	69-B_S267_L001_R2_001.fastq.gz	18453	18453	18193	18193	17521	17521	15598	15598	15491	0
69-C	69-C	1	69-C_S457_L001_R1_001.fastq.gz	69-C_S457_L001_R2_001.fastq.gz	28852	28852	28436	28436	27665	27665	18444	18444	18150	0
7-A	7-A	1	7-A_S7_L001_R1_001.fastq.gz	7-A_S7_L001_R2_001.fastq.gz	9356	9356	9222	9222	643	643	78	78	78	0
7-B	7-B	1	7-B_S197_L001_R1_001.fastq.gz	7-B_S197_L001_R2_001.fastq.gz	12275	12275	12090	12090	502	502	82	82	82	0
7-C	7-C	1	7-C_S387_L001_R1_001.fastq.gz	7-C_S387_L001_R2_001.fastq.gz	19527	19527	19281	19281	649	649	175	175	175	0
70-A	70-A	1	70-A_S78_L001_R1_001.fastq.gz	70-A_S78_L001_R2_001.fastq.gz	23388	23388	23075	23075	22062	22062	19026	19026	18874	0
70-B	70-B	1	70-B_S268_L001_R1_001.fastq.gz	70-B_S268_L001_R2_001.fastq.gz	25794	25794	25467	25467	25149	25149	22036	22036	21313	0
70-C	70-C	1	70-C_S458_L001_R1_001.fastq.gz	70-C_S458_L001_R2_001.fastq.gz	27136	27136	26749	26749	25492	25492	17268	17268	17006	0
71-A	71-A	1	71-A_S79_L001_R1_001.fastq.gz	71-A_S79_L001_R2_001.fastq.gz	3480	3480	3408	3408	918	918	516	516	516	0
71-B	71-B	1	71-B_S269_L001_R1_001.fastq.gz	71-B_S269_L001_R2_001.fastq.gz	3142	3142	3084	3084	842	842	532	532	532	0
71-C	71-C	1	71-C_S459_L001_R1_001.fastq.gz	71-C_S459_L001_R2_001.fastq.gz	11142	11142	10953	10953	1046	1046	502	502	502	0
72-A	72-A	1	72-A_S80_L001_R1_001.fastq.gz	72-A_S80_L001_R2_001.fastq.gz	21060	21060	20747	20747	20097	20097	16584	16584	16466	0
72-B	72-B	1	72-B_S270_L001_R1_001.fastq.gz	72-B_S270_L001_R2_001.fastq.gz	15481	15481	15241	15241	14906	14906	13167	13167	13124	0
72-C	72-C	1	72-C_S460_L001_R1_001.fastq.gz	72-C_S460_L001_R2_001.fastq.gz	33722	33722	33211	33211	31269	31269	20247	20247	20118	0
73-A	73-A	1	73-A_S81_L001_R1_001.fastq.gz	73-A_S81_L001_R2_001.fastq.gz	20994	20994	20661	20661	20199	20199	18402	18402	18242	0
73-B	73-B	1	73-B_S271_L001_R1_001.fastq.gz	73-B_S271_L001_R2_001.fastq.gz	11233	11233	11054	11054	10851	10851	10274	10274	10268	0
73-C	73-C	1	73-C_S461_L001_R1_001.fastq.gz	73-C_S461_L001_R2_001.fastq.gz	15773	15773	15525	15525	14935	14935	12947	12947	12916	0
74-A	74-A	1	74-A_S82_L001_R1_001.fastq.gz	74-A_S82_L001_R2_001.fastq.gz	17910	17910	17653	17653	15993	15993	14638	14638	14583	0
74-B	74-B	1	74-B_S272_L001_R1_001.fastq.gz	74-B_S272_L001_R2_001.fastq.gz	20160	20160	19892	19892	19465	19465	18597	18597	18551	0
74-C	74-C	1	74-C_S462_L001_R1_001.fastq.gz	74-C_S462_L001_R2_001.fastq.gz	21944	21944	21597	21597	19988	19988	16839	16839	16814	0
75-A	75-A	1	75-A_S83_L001_R1_001.fastq.gz	75-A_S83_L001_R2_001.fastq.gz	30293	30293	29870	29870	29332	29332	27503	27503	27469	0
75-B	75-B	1	75-B_S273_L001_R1_001.fastq.gz	75-B_S273_L001_R2_001.fastq.gz	21342	21342	21037	21037	20701	20701	19933	19933	19925	0
75-C	75-C	1	75-C_S463_L001_R1_001.fastq.gz	75-C_S463_L001_R2_001.fastq.gz	26624	26624	26168	26168	25130	25130	21883	21883	21806	0
76-A	76-A	1	76-A_S84_L001_R1_001.fastq.gz	76-A_S84_L001_R2_001.fastq.gz	28523	28523	28082	28082	26455	26455	24367	24367	24293	0
76-B	76-B	1	76-B_S274_L001_R1_001.fastq.gz	76-B_S274_L001_R2_001.fastq.gz	24857	24857	24479	24479	24178	24178	22958	22958	22894	0
76-C	76-C	1	76-C_S464_L001_R1_001.fastq.gz	76-C_S464_L001_R2_001.fastq.gz	23628	23628	23241	23241	22673	22673	17647	17647	17567	0
77-A	77-A	1	77-A_S85_L001_R1_001.fastq.gz	77-A_S85_L001_R2_001.fastq.gz	23040	23040	22616	22616	22134	22134	20219	20219	20175	0
77-B	77-B	1	77-B_S275_L001_R1_001.fastq.gz	77-B_S275_L001_R2_001.fastq.gz	89183	89183	87891	87891	86663	86663	80950	80950	80518	0
77-C	77-C	1	77-C_S465_L001_R1_001.fastq.gz	77-C_S465_L001_R2_001.fastq.gz	25723	25723	25332	25332	24558	24558	20555	20555	20490	0
78-A	78-A	1	78-A_S86_L001_R1_001.fastq.gz	78-A_S86_L001_R2_001.fastq.gz	6641	6641	6540	6540	351	351	137	137	137	0
78-B	78-B	1	78-B_S276_L001_R1_001.fastq.gz	78-B_S276_L001_R2_001.fastq.gz	11648	11648	11495	11495	409	409	142	142	142	0
78-C	78-C	1	78-C_S466_L001_R1_001.fastq.gz	78-C_S466_L001_R2_001.fastq.gz	4889	4889	4807	4807	283	283	122	122	122	0
79-A	79-A	1	79-A_S87_L001_R1_001.fastq.gz	79-A_S87_L001_R2_001.fastq.gz	27631	27631	27204	27204	26660	26660	19989	19989	19940	0
79-B	79-B	1	79-B_S277_L001_R1_001.fastq.gz	79-B_S277_L001_R2_001.fastq.gz	51411	51411	50639	50639	49451	49451	43445	43445	43028	0
79-C	79-C	1	79-C_S467_L001_R1_001.fastq.gz	79-C_S467_L001_R2_001.fastq.gz	25549	25549	25206	25206	22887	22887	14650	14650	14554	0
8-A	8-A	1	8-A_S8_L001_R1_001.fastq.gz	8-A_S8_L001_R2_001.fastq.gz	49563	49563	47433	47433	46699	46699	44839	44839	44787	0
8-B	8-B	1	8-B_S198_L001_R1_001.fastq.gz	8-B_S198_L001_R2_001.fastq.gz	1942	1942	1010	1010	918	918	541	541	541	0
8-C	8-C	1	8-C_S388_L001_R1_001.fastq.gz	8-C_S388_L001_R2_001.fastq.gz	57451	57451	55073	55073	52922	52922	47757	47757	46406	0
80-A	80-A	1	80-A_S88_L001_R1_001.fastq.gz	80-A_S88_L001_R2_001.fastq.gz	31523	31523	31077	31077	30626	30626	24093	24093	23926	0
80-B	80-B	1	80-B_S278_L001_R1_001.fastq.gz	80-B_S278_L001_R2_001.fastq.gz	51844	51844	51122	51122	45625	45625	37720	37720	37322	0
80-C	80-C	1	80-C_S468_L001_R1_001.fastq.gz	80-C_S468_L001_R2_001.fastq.gz	22126	22126	21830	21830	20764	20764	11564	11564	11528	0
81-A	81-A	1	81-A_S89_L001_R1_001.fastq.gz	81-A_S89_L001_R2_001.fastq.gz	29214	29214	28745	28745	28074	28074	24265	24265	24056	0
81-B	81-B	1	81-B_S279_L001_R1_001.fastq.gz	81-B_S279_L001_R2_001.fastq.gz	10009	10009	9843	9843	9653	9653	8737	8737	8713	0
81-C	81-C	1	81-C_S469_L001_R1_001.fastq.gz	81-C_S469_L001_R2_001.fastq.gz	16941	16941	16701	16701	13440	13440	8749	8749	8680	0
82-A	82-A	1	82-A_S90_L001_R1_001.fastq.gz	82-A_S90_L001_R2_001.fastq.gz	22432	22432	22131	22131	21557	21557	19881	19881	19847	0
82-B	82-B	1	82-B_S280_L001_R1_001.fastq.gz	82-B_S280_L001_R2_001.fastq.gz	20404	20404	20087	20087	19896	19896	18775	18775	18729	0
82-C	82-C	1	82-C_S470_L001_R1_001.fastq.gz	82-C_S470_L001_R2_001.fastq.gz	20538	20538	20290	20290	19684	19684	14186	14186	13965	0
83-A	83-A	1	83-A_S91_L001_R1_001.fastq.gz	83-A_S91_L001_R2_001.fastq.gz	30249	30249	29791	29791	29310	29310	27462	27462	27400	0
83-B	83-B	1	83-B_S281_L001_R1_001.fastq.gz	83-B_S281_L001_R2_001.fastq.gz	16861	16861	16606	16606	16325	16325	15783	15783	15760	0
83-C	83-C	1	83-C_S471_L001_R1_001.fastq.gz	83-C_S471_L001_R2_001.fastq.gz	22283	22283	21961	21961	21364	21364	18071	18071	18014	0
84-A	84-A	1	84-A_S92_L001_R1_001.fastq.gz	84-A_S92_L001_R2_001.fastq.gz	33890	33890	33290	33290	32479	32479	31115	31115	31039	0
84-B	84-B	1	84-B_S282_L001_R1_001.fastq.gz	84-B_S282_L001_R2_001.fastq.gz	24774	24774	24349	24349	24036	24036	23391	23391	23323	0
84-C	84-C	1	84-C_S472_L001_R1_001.fastq.gz	84-C_S472_L001_R2_001.fastq.gz	23142	23142	22825	22825	21845	21845	14944	14944	14567	0
85-A	85-A	1	85-A_S93_L001_R1_001.fastq.gz	85-A_S93_L001_R2_001.fastq.gz	4909	4909	4837	4837	361	361	142	142	142	0
85-B	85-B	1	85-B_S283_L001_R1_001.fastq.gz	85-B_S283_L001_R2_001.fastq.gz	853	853	822	822	680	680	499	499	499	0
85-C	85-C	1	85-C_S473_L001_R1_001.fastq.gz	85-C_S473_L001_R2_001.fastq.gz	5476	5476	5407	5407	421	421	156	156	156	0
86-A	86-A	1	86-A_S97_L001_R1_001.fastq.gz	86-A_S97_L001_R2_001.fastq.gz	17816	17816	17550	17550	16658	16658	14034	14034	13840	0
86-B	86-B	1	86-B_S287_L001_R1_001.fastq.gz	86-B_S287_L001_R2_001.fastq.gz	10998	10998	10832	10832	10483	10483	9855	9855	9734	0
86-C	86-C	1	86-C_S477_L001_R1_001.fastq.gz	86-C_S477_L001_R2_001.fastq.gz	49588	49588	48847	48847	32562	32562	21772	21772	21598	0
87-A	87-A	1	87-A_S98_L001_R1_001.fastq.gz	87-A_S98_L001_R2_001.fastq.gz	60613	60613	59601	59601	58154	58154	51566	51566	49980	0
87-B	87-B	1	87-B_S288_L001_R1_001.fastq.gz	87-B_S288_L001_R2_001.fastq.gz	32988	32988	32387	32387	31996	31996	30090	30090	29269	0
87-C	87-C	1	87-C_S478_L001_R1_001.fastq.gz	87-C_S478_L001_R2_001.fastq.gz	57182	57182	56206	56206	52649	52649	35876	35876	34870	0
88-A	88-A	1	88-A_S99_L001_R1_001.fastq.gz	88-A_S99_L001_R2_001.fastq.gz	8148	8148	8048	8048	7853	7853	6599	6599	6522	0
88-B	88-B	1	88-B_S289_L001_R1_001.fastq.gz	88-B_S289_L001_R2_001.fastq.gz	21904	21904	21602	21602	21333	21333	19924	19924	19767	0
88-C	88-C	1	88-C_S479_L001_R1_001.fastq.gz	88-C_S479_L001_R2_001.fastq.gz	65506	65506	64520	64520	53154	53154	32279	32279	31800	0
89-A	89-A	1	89-A_S100_L001_R1_001.fastq.gz	89-A_S100_L001_R2_001.fastq.gz	12607	12607	12425	12425	12191	12191	11267	11267	11126	0
89-B	89-B	1	89-B_S290_L001_R1_001.fastq.gz	89-B_S290_L001_R2_001.fastq.gz	43073	43073	42468	42468	42106	42106	40379	40379	39999	0
89-C	89-C	1	89-C_S480_L001_R1_001.fastq.gz	89-C_S480_L001_R2_001.fastq.gz	26260	26260	25858	25858	24775	24775	18826	18826	18645	0
9-A	9-A	1	9-A_S9_L001_R1_001.fastq.gz	9-A_S9_L001_R2_001.fastq.gz	22857	22857	22519	22519	22060	22060	21126	21126	21112	0
9-B	9-B	1	9-B_S199_L001_R1_001.fastq.gz	9-B_S199_L001_R2_001.fastq.gz	13057	13057	12814	12814	12544	12544	12100	12100	12100	0
9-C	9-C	1	9-C_S389_L001_R1_001.fastq.gz	9-C_S389_L001_R2_001.fastq.gz	62183	62183	61260	61260	56826	56826	55291	55291	55233	0
90-A	90-A	1	90-A_S101_L001_R1_001.fastq.gz	90-A_S101_L001_R2_001.fastq.gz	13333	13333	13122	13122	11538	11538	10902	10902	10799	0
90-B	90-B	1	90-B_S291_L001_R1_001.fastq.gz	90-B_S291_L001_R2_001.fastq.gz	23129	23129	22794	22794	22598	22598	22277	22277	22174	0
90-C	90-C	1	90-C_S481_L001_R1_001.fastq.gz	90-C_S481_L001_R2_001.fastq.gz	31349	31349	30845	30845	29721	29721	23140	23140	23024	0
91-A	91-A	1	91-A_S102_L001_R1_001.fastq.gz	91-A_S102_L001_R2_001.fastq.gz	25367	25367	24986	24986	24579	24579	23123	23123	23033	0
91-B	91-B	1	91-B_S292_L001_R1_001.fastq.gz	91-B_S292_L001_R2_001.fastq.gz	48259	48259	47537	47537	47154	47154	45045	45045	44634	0
91-C	91-C	1	91-C_S482_L001_R1_001.fastq.gz	91-C_S482_L001_R2_001.fastq.gz	22569	22569	22266	22266	21093	21093	15802	15802	15670	0
92-A	92-A	1	92-A_S103_L001_R1_001.fastq.gz	92-A_S103_L001_R2_001.fastq.gz	3312	3312	3259	3259	725	725	220	220	220	0
92-B	92-B	1	92-B_S293_L001_R1_001.fastq.gz	92-B_S293_L001_R2_001.fastq.gz	6120	6120	6038	6038	321	321	207	207	207	0
92-C	92-C	1	92-C_S483_L001_R1_001.fastq.gz	92-C_S483_L001_R2_001.fastq.gz	14845	14845	14639	14639	670	670	251	251	251	0
93-A	93-A	1	93-A_S104_L001_R1_001.fastq.gz	93-A_S104_L001_R2_001.fastq.gz	8024	8024	6921	6921	6369	6369	5520	5520	5467	0
93-B	93-B	1	93-B_S294_L001_R1_001.fastq.gz	93-B_S294_L001_R2_001.fastq.gz	40397	40397	38435	38435	37245	37245	35157	35157	34614	0
93-C	93-C	1	93-C_S484_L001_R1_001.fastq.gz	93-C_S484_L001_R2_001.fastq.gz	32584	32584	30523	30523	23628	23628	14137	14137	13939	0
94-A	94-A	1	94-A_S105_L001_R1_001.fastq.gz	94-A_S105_L001_R2_001.fastq.gz	14774	14774	14545	14545	10973	10973	9376	9376	9328	0
94-B	94-B	1	94-B_S295_L001_R1_001.fastq.gz	94-B_S295_L001_R2_001.fastq.gz	9160	9160	9022	9022	8808	8808	8370	8370	8352	0
94-C	94-C	1	94-C_S485_L001_R1_001.fastq.gz	94-C_S485_L001_R2_001.fastq.gz	120479	120479	119372	119372	109909	109909	51786	51786	50501	0
95-A	95-A	1	95-A_S106_L001_R1_001.fastq.gz	95-A_S106_L001_R2_001.fastq.gz	30334	30334	29853	29853	19383	19383	16157	16157	16053	0
95-B	95-B	1	95-B_S296_L001_R1_001.fastq.gz	95-B_S296_L001_R2_001.fastq.gz	13803	13803	13590	13590	13361	13361	12456	12456	12389	0
95-C	95-C	1	95-C_S486_L001_R1_001.fastq.gz	95-C_S486_L001_R2_001.fastq.gz	89065	89065	87792	87792	75800	75800	39268	39268	38259	0
96-A	96-A	1	96-A_S107_L001_R1_001.fastq.gz	96-A_S107_L001_R2_001.fastq.gz	31380	31380	30894	30894	30466	30466	28542	28542	28364	0
96-B	96-B	1	96-B_S297_L001_R1_001.fastq.gz	96-B_S297_L001_R2_001.fastq.gz	13909	13909	13710	13710	13528	13528	13223	13223	13105	0
96-C	96-C	1	96-C_S487_L001_R1_001.fastq.gz	96-C_S487_L001_R2_001.fastq.gz	74497	74497	73385	73385	70581	70581	48956	48956	48692	0
97-A	97-A	1	97-A_S108_L001_R1_001.fastq.gz	97-A_S108_L001_R2_001.fastq.gz	33233	33233	32670	32670	31862	31862	30359	30359	30173	0
97-B	97-B	1	97-B_S298_L001_R1_001.fastq.gz	97-B_S298_L001_R2_001.fastq.gz	15394	15394	15162	15162	14958	14958	14568	14568	14505	0
97-C	97-C	1	97-C_S488_L001_R1_001.fastq.gz	97-C_S488_L001_R2_001.fastq.gz	63764	63764	62831	62831	57077	57077	40602	40602	40360	0
98-A	98-A	1	98-A_S109_L001_R1_001.fastq.gz	98-A_S109_L001_R2_001.fastq.gz	204632	204632	201655	201655	199482	199482	183688	183688	180009	0
98-B	98-B	1	98-B_S299_L001_R1_001.fastq.gz	98-B_S299_L001_R2_001.fastq.gz	9927	9927	9793	9793	9629	9629	9327	9327	9262	0
98-C	98-C	1	98-C_S489_L001_R1_001.fastq.gz	98-C_S489_L001_R2_001.fastq.gz	72897	72897	71688	71688	67797	67797	50118	50118	49833	0
99-A	99-A	1	99-A_S110_L001_R1_001.fastq.gz	99-A_S110_L001_R2_001.fastq.gz	6522	6522	6396	6396	485	485	317	317	317	0
99-B	99-B	1	99-B_S300_L001_R1_001.fastq.gz	99-B_S300_L001_R2_001.fastq.gz	3722	3722	3666	3666	424	424	290	290	290	0
99-C	99-C	1	99-C_S490_L001_R1_001.fastq.gz	99-C_S490_L001_R2_001.fastq.gz	8949	8949	8834	8834	629	629	322	322	322	0
H2O1-A	H2O1-A	1	H2O1-A_S94_L001_R1_001.fastq.gz	H2O1-A_S94_L001_R2_001.fastq.gz	10488	10488	10331	10331	260	260	32	32	32	32
H2O1-B	H2O1-B	1	H2O1-B_S284_L001_R1_001.fastq.gz	H2O1-B_S284_L001_R2_001.fastq.gz	13790	13790	13518	13518	2262	2262	46	46	46	46
H2O1-C	H2O1-C	1	H2O1-C_S474_L001_R1_001.fastq.gz	H2O1-C_S474_L001_R2_001.fastq.gz	3516	3516	3462	3462	173	173	0	0	0	0
H2O2-A	H2O2-A	1	H2O2-A_S95_L001_R1_001.fastq.gz	H2O2-A_S95_L001_R2_001.fastq.gz	807	807	732	732	624	624	310	310	310	310
H2O2-B	H2O2-B	1	H2O2-B_S285_L001_R1_001.fastq.gz	H2O2-B_S285_L001_R2_001.fastq.gz	4254	4254	4162	4162	1380	1380	935	935	935	935
H2O2-C	H2O2-C	1	H2O2-C_S475_L001_R1_001.fastq.gz	H2O2-C_S475_L001_R2_001.fastq.gz	22833	22833	22411	22411	21926	21926	21063	21063	21045	21045
H2O3-A	H2O3-A	1	H2O3-A_S188_L001_R1_001.fastq.gz	H2O3-A_S188_L001_R2_001.fastq.gz	5101	5101	4970	4970	431	431	320	320	320	320
H2O3-B	H2O3-B	1	H2O3-B_S378_L001_R1_001.fastq.gz	H2O3-B_S378_L001_R2_001.fastq.gz	1097	1097	1044	1044	530	530	433	433	433	433
H2O3-C	H2O3-C	1	H2O3-C_S568_L001_R1_001.fastq.gz	H2O3-C_S568_L001_R2_001.fastq.gz	5687	5687	5559	5559	709	709	404	404	404	404
H2O4-A	H2O4-A	1	H2O4-A_S189_L001_R1_001.fastq.gz	H2O4-A_S189_L001_R2_001.fastq.gz	3096	3096	3046	3046	706	706	528	528	528	528
H2O4-B	H2O4-B	1	H2O4-B_S379_L001_R1_001.fastq.gz	H2O4-B_S379_L001_R2_001.fastq.gz	621	621	607	607	386	386	277	277	277	277
H2O4-C	H2O4-C	1	H2O4-C_S569_L001_R1_001.fastq.gz	H2O4-C_S569_L001_R2_001.fastq.gz	28144	28144	27821	27821	27187	27187	26763	26763	26713	26713
STURG1-A	STURG1-A	1	STURG1-A_S96_L001_R1_001.fastq.gz	STURG1-A_S96_L001_R2_001.fastq.gz	27356	27356	26658	26658	26201	26201	25566	25566	25553	25553
STURG1-B	STURG1-B	1	STURG1-B_S286_L001_R1_001.fastq.gz	STURG1-B_S286_L001_R2_001.fastq.gz	24630	24630	23998	23998	23573	23573	23075	23075	23057	23057
STURG1-C	STURG1-C	1	STURG1-C_S476_L001_R1_001.fastq.gz	STURG1-C_S476_L001_R2_001.fastq.gz	6138	6138	5792	5792	740	740	308	308	308	308
STURG2-A	STURG2-A	1	STURG2-A_S190_L001_R1_001.fastq.gz	STURG2-A_S190_L001_R2_001.fastq.gz	10743	10743	10565	10565	10365	10365	10216	10216	10216	10216
STURG2-B	STURG2-B	1	STURG2-B_S380_L001_R1_001.fastq.gz	STURG2-B_S380_L001_R2_001.fastq.gz	18326	18326	18021	18021	17770	17770	17598	17598	17598	17598
STURG2-C	STURG2-C	1	STURG2-C_S570_L001_R1_001.fastq.gz	STURG2-C_S570_L001_R2_001.fastq.gz	6667	6667	6610	6610	237	237	77	77	77	77
