sample	library	run	r1_file	r2_file	reads_raw_r1	reads_raw_r2
1-A	1-A	1	1-A_S1_L001_R1_001.fastq.gz	1-A_S1_L001_R2_001.fastq.gz	62525	62525
1-B	1-B	1	1-B_S191_L001_R1_001.fastq.gz	1-B_S191_L001_R2_001.fastq.gz	52478	52478
1-C	1-C	1	1-C_S381_L001_R1_001.fastq.gz	1-C_S381_L001_R2_001.fastq.gz	44820	44820
10-A	10-A	1	10-A_S10_L001_R1_001.fastq.gz	10-A_S10_L001_R2_001.fastq.gz	22558	22558
10-B	10-B	1	10-B_S200_L001_R1_001.fastq.gz	10-B_S200_L001_R2_001.fastq.gz	16511	16511
10-C	10-C	1	10-C_S390_L001_R1_001.fastq.gz	10-C_S390_L001_R2_001.fastq.gz	47858	47858
100-A	100-A	1	100-A_S111_L001_R1_001.fastq.gz	100-A_S111_L001_R2_001.fastq.gz	64439	64439
100-B	100-B	1	100-B_S301_L001_R1_001.fastq.gz	100-B_S301_L001_R2_001.fastq.gz	12020	12020
100-C	100-C	1	100-C_S491_L001_R1_001.fastq.gz	100-C_S491_L001_R2_001.fastq.gz	38900	38900
101-A	101-A	1	101-A_S112_L001_R1_001.fastq.gz	101-A_S112_L001_R2_001.fastq.gz	10509	10509
101-B	101-B	1	101-B_S302_L001_R1_001.fastq.gz	101-B_S302_L001_R2_001.fastq.gz	5170	5170
101-C	101-C	1	101-C_S492_L001_R1_001.fastq.gz	101-C_S492_L001_R2_001.fastq.gz	29038	29038
102-A	102-A	1	102-A_S113_L001_R1_001.fastq.gz	102-A_S113_L001_R2_001.fastq.gz	27587	27587
102-B	102-B	1	102-B_S303_L001_R1_001.fastq.gz	102-B_S303_L001_R2_001.fastq.gz	39810	39810
102-C	102-C	1	102-C_S493_L001_R1_001.fastq.gz	102-C_S493_L001_R2_001.fastq.gz	21271	21271
103-A	103-A	1	103-A_S114_L001_R1_001.fastq.gz	103-A_S114_L001_R2_001.fastq.gz	44084	44084
103-B	103-B	1	103-B_S304_L001_R1_001.fastq.gz	103-B_S304_L001_R2_001.fastq.gz	27677	27677
103-C	103-C	1	103-C_S494_L001_R1_001.fastq.gz	103-C_S494_L001_R2_001.fastq.gz	32349	32349
104-A	104-A	1	104-A_S115_L001_R1_001.fastq.gz	104-A_S115_L001_R2_001.fastq.gz	27304	27304
104-B	104-B	1	104-B_S305_L001_R1_001.fastq.gz	104-B_S305_L001_R2_001.fastq.gz	21815	21815
104-C	104-C	1	104-C_S495_L001_R1_001.fastq.gz	104-C_S495_L001_R2_001.fastq.gz	31760	31760
105-A	105-A	1	105-A_S116_L001_R1_001.fastq.gz	105-A_S116_L001_R2_001.fastq.gz	45178	45178
105-B	105-B	1	105-B_S306_L001_R1_001.fastq.gz	105-B_S306_L001_R2_001.fastq.gz	30645	30645
105-C	105-C	1	105-C_S496_L001_R1_001.fastq.gz	105-C_S496_L001_R2_001.fastq.gz	55499	55499
106-A	106-A	1	106-A_S117_L001_R1_001.fastq.gz	106-A_S117_L001_R2_001.fastq.gz	8150	8150
106-B	106-B	1	106-B_S307_L001_R1_001.fastq.gz	106-B_S307_L001_R2_001.fastq.gz	713	713
106-C	106-C	1	106-C_S497_L001_R1_001.fastq.gz	106-C_S497_L001_R2_001.fastq.gz	6502	6502
107-A	107-A	1	107-A_S118_L001_R1_001.fastq.gz	107-A_S118_L001_R2_001.fastq.gz	38401	38401
107-B	107-B	1	107-B_S308_L001_R1_001.fastq.gz	107-B_S308_L001_R2_001.fastq.gz	43691	43691
107-C	107-C	1	107-C_S498_L001_R1_001.fastq.gz	107-C_S498_L001_R2_001.fastq.gz	29821	29821
108-A	108-A	1	108-A_S119_L001_R1_001.fastq.gz	108-A_S119_L001_R2_001.fastq.gz	37199	37199
108-B	108-B	1	108-B_S309_L001_R1_001.fastq.gz	108-B_S309_L001_R2_001.fastq.gz	42867	42867
108-C	108-C	1	108-C_S499_L001_R1_001.fastq.gz	108-C_S499_L001_R2_001.fastq.gz	37665	37665
109-A	109-A	1	109-A_S120_L001_R1_001.fastq.gz	109-A_S120_L001_R2_001.fastq.gz	25311	25311
109-B	109-B	1	109-B_S310_L001_R1_001.fastq.gz	109-B_S310_L001_R2_001.fastq.gz	25453	25453
109-C	109-C	1	109-C_S500_L001_R1_001.fastq.gz	109-C_S500_L001_R2_001.fastq.gz	40630	40630
11-A	11-A	1	11-A_S11_L001_R1_001.fastq.gz	11-A_S11_L001_R2_001.fastq.gz	9354	9354
11-B	11-B	1	11-B_S201_L001_R1_001.fastq.gz	11-B_S201_L001_R2_001.fastq.gz	8962	8962
11-C	11-C	1	11-C_S391_L001_R1_001.fastq.gz	11-C_S391_L001_R2_001.fastq.gz	10720	10720
110-A	110-A	1	110-A_S121_L001_R1_001.fastq.gz	110-A_S121_L001_R2_001.fastq.gz	26193	26193
110-B	110-B	1	110-B_S311_L001_R1_001.fastq.gz	110-B_S311_L001_R2_001.fastq.gz	27201	27201
110-C	110-C	1	110-C_S501_L001_R1_001.fastq.gz	110-C_S501_L001_R2_001.fastq.gz	56819	56819
111-A	111-A	1	111-A_S122_L001_R1_001.fastq.gz	111-A_S122_L001_R2_001.fastq.gz	29846	29846
111-B	111-B	1	111-B_S312_L001_R1_001.fastq.gz	111-B_S312_L001_R2_001.fastq.gz	35351	35351
111-C	111-C	1	111-C_S502_L001_R1_001.fastq.gz	111-C_S502_L001_R2_001.fastq.gz	108183	108183
112-A	112-A	1	112-A_S123_L001_R1_001.fastq.gz	112-A_S123_L001_R2_001.fastq.gz	27839	27839
112-B	112-B	1	112-B_S313_L001_R1_001.fastq.gz	112-B_S313_L001_R2_001.fastq.gz	33639	33639
112-C	112-C	1	112-C_S503_L001_R1_001.fastq.gz	112-C_S503_L001_R2_001.fastq.gz	104718	104718
113-A	113-A	1	113-A_S124_L001_R1_001.fastq.gz	113-A_S124_L001_R2_001.fastq.gz	8079	8079
113-B	113-B	1	113-B_S314_L001_R1_001.fastq.gz	113-B_S314_L001_R2_001.fastq.gz	676	676
113-C	113-C	1	113-C_S504_L001_R1_001.fastq.gz	113-C_S504_L001_R2_001.fastq.gz	22569	22569
114-A	114-A	1	114-A_S125_L001_R1_001.fastq.gz	114-A_S125_L001_R2_001.fastq.gz	55824	55824
114-B	114-B	1	114-B_S315_L001_R1_001.fastq.gz	114-B_S315_L001_R2_001.fastq.gz	27786	27786
114-C	114-C	1	114-C_S505_L001_R1_001.fastq.gz	114-C_S505_L001_R2_001.fastq.gz	116039	116039
115-A	115-A	1	115-A_S126_L001_R1_001.fastq.gz	115-A_S126_L001_R2_001.fastq.gz	25636	25636
115-B	115-B	1	115-B_S316_L001_R1_001.fastq.gz	115-B_S316_L001_R2_001.fastq.gz	33531	33531
115-C	115-C	1	115-C_S506_L001_R1_001.fastq.gz	115-C_S506_L001_R2_001.fastq.gz	55762	55762
116-A	116-A	1	116-A_S127_L001_R1_001.fastq.gz	116-A_S127_L001_R2_001.fastq.gz	37070	37070
116-B	116-B	1	116-B_S317_L001_R1_001.fastq.gz	116-B_S317_L001_R2_001.fastq.gz	51119	51119
116-C	116-C	1	116-C_S507_L001_R1_001.fastq.gz	116-C_S507_L001_R2_001.fastq.gz	40040	40040
117-A	117-A	1	117-A_S128_L001_R1_001.fastq.gz	117-A_S128_L001_R2_001.fastq.gz	88835	88835
117-B	117-B	1	117-B_S318_L001_R1_001.fastq.gz	117-B_S318_L001_R2_001.fastq.gz	2218	2218
117-C	117-C	1	117-C_S508_L001_R1_001.fastq.gz	117-C_S508_L001_R2_001.fastq.gz	38466	38466
118-A	118-A	1	118-A_S129_L001_R1_001.fastq.gz	118-A_S129_L001_R2_001.fastq.gz	46600	46600
118-B	118-B	1	118-B_S319_L001_R1_001.fastq.gz	118-B_S319_L001_R2_001.fastq.gz	24878	24878
118-C	118-C	1	118-C_S509_L001_R1_001.fastq.gz	118-C_S509_L001_R2_001.fastq.gz	31462	31462
119-A	119-A	1	119-A_S130_L001_R1_001.fastq.gz	119-A_S130_L001_R2_001.fastq.gz	44905	44905
119-B	119-B	1	119-B_S320_L001_R1_001.fastq.gz	119-B_S320_L001_R2_001.fastq.gz	15721	15721
119-C	119-C	1	119-C_S510_L001_R1_001.fastq.gz	119-C_S510_L001_R2_001.fastq.gz	24984	24984
12-A	12-A	1	12-A_S12_L001_R1_001.fastq.gz	12-A_S12_L001_R2_001.fastq.gz	29675	29675
12-B	12-B	1	12-B_S202_L001_R1_001.fastq.gz	12-B_S202_L001_R2_001.fastq.gz	17815	17815
12-C	12-C	1	12-C_S392_L001_R1_001.fastq.gz	12-C_S392_L001_R2_001.fastq.gz	90828	90828
120-A	120-A	1	120-A_S131_L001_R1_001.fastq.gz	120-A_S131_L001_R2_001.fastq.gz	8739	8739
120-B	120-B	1	120-B_S321_L001_R1_001.fastq.gz	120-B_S321_L001_R2_001.fastq.gz	4520	4520
120-C	120-C	1	120-C_S511_L001_R1_001.fastq.gz	120-C_S511_L001_R2_001.fastq.gz	6251	6251
121-A	121-A	1	121-A_S132_L001_R1_001.fastq.gz	121-A_S132_L001_R2_001.fastq.gz	39763	39763
121-B	121-B	1	121-B_S322_L001_R1_001.fastq.gz	121-B_S322_L001_R2_001.fastq.gz	19028	19028
121-C	121-C	1	121-C_S512_L001_R1_001.fastq.gz	121-C_S512_L001_R2_001.fastq.gz	33438	33438
122-A	122-A	1	122-A_S133_L001_R1_001.fastq.gz	122-A_S133_L001_R2_001.fastq.gz	50141	50141
122-B	122-B	1	122-B_S323_L001_R1_001.fastq.gz	122-B_S323_L001_R2_001.fastq.gz	24050	24050
122-C	122-C	1	122-C_S513_L001_R1_001.fastq.gz	122-C_S513_L001_R2_001.fastq.gz	32078	32078
123-A	123-A	1	123-A_S134_L001_R1_001.fastq.gz	123-A_S134_L001_R2_001.fastq.gz	58332	58332
123-B	123-B	1	123-B_S324_L001_R1_001.fastq.gz	123-B_S324_L001_R2_001.fastq.gz	15893	15893
123-C	123-C	1	123-C_S514_L001_R1_001.fastq.gz	123-C_S514_L001_R2_001.fastq.gz	37664	37664
124-A	124-A	1	124-A_S135_L001_R1_001.fastq.gz	124-A_S135_L001_R2_001.fastq.gz	716	716
124-B	124-B	1	124-B_S325_L001_R1_001.fastq.gz	124-B_S325_L001_R2_001.fastq.gz	30206	30206
124-C	124-C	1	124-C_S515_L001_R1_001.fastq.gz	124-C_S515_L001_R2_001.fastq.gz	37338	37338
125-A	125-A	1	125-A_S136_L001_R1_001.fastq.gz	125-A_S136_L001_R2_001.fastq.gz	42787	42787
125-B	125-B	1	125-B_S326_L001_R1_001.fastq.gz	125-B_S326_L001_R2_001.fastq.gz	24446	24446
125-C	125-C	1	125-C_S516_L001_R1_001.fastq.gz	125-C_S516_L001_R2_001.fastq.gz	24414	24414
126-A	126-A	1	126-A_S137_L001_R1_001.fastq.gz	126-A_S137_L001_R2_001.fastq.gz	18604	18604
126-B	126-B	1	126-B_S327_L001_R1_001.fastq.gz	126-B_S327_L001_R2_001.fastq.gz	26662	26662
126-C	126-C	1	126-C_S517_L001_R1_001.fastq.gz	126-C_S517_L001_R2_001.fastq.gz	28954	28954
127-A	127-A	1	127-A_S138_L001_R1_001.fastq.gz	127-A_S138_L001_R2_001.fastq.gz	9363	9363
127-B	127-B	1	127-B_S328_L001_R1_001.fastq.gz	127-B_S328_L001_R2_001.fastq.gz	7983	7983
127-C	127-C	1	127-C_S518_L001_R1_001.fastq.gz	127-C_S518_L001_R2_001.fastq.gz	5499	5499
128-A	128-A	1	128-A_S139_L001_R1_001.fastq.gz	128-A_S139_L001_R2_001.fastq.gz	47969	47969
128-B	128-B	1	128-B_S329_L001_R1_001.fastq.gz	128-B_S329_L001_R2_001.fastq.gz	31784	31784
128-C	128-C	1	128-C_S519_L001_R1_001.fastq.gz	128-C_S519_L001_R2_001.fastq.gz	37735	37735
129-A	129-A	1	129-A_S140_L001_R1_001.fastq.gz	129-A_S140_L001_R2_001.fastq.gz	29888	29888
129-B	129-B	1	129-B_S330_L001_R1_001.fastq.gz	129-B_S330_L001_R2_001.fastq.gz	23839	23839
129-C	129-C	1	129-C_S520_L001_R1_001.fastq.gz	129-C_S520_L001_R2_001.fastq.gz	29475	29475
13-A	13-A	1	13-A_S13_L001_R1_001.fastq.gz	13-A_S13_L001_R2_001.fastq.gz	30300	30300
13-B	13-B	1	13-B_S203_L001_R1_001.fastq.gz	13-B_S203_L001_R2_001.fastq.gz	17861	17861
13-C	13-C	1	13-C_S393_L001_R1_001.fastq.gz	13-C_S393_L001_R2_001.fastq.gz	66263	66263
130-A	130-A	1	130-A_S149_L001_R1_001.fastq.gz	130-A_S149_L001_R2_001.fastq.gz	58326	58326
130-B	130-B	1	130-B_S339_L001_R1_001.fastq.gz	130-B_S339_L001_R2_001.fastq.gz	43003	43003
130-C	130-C	1	130-C_S529_L001_R1_001.fastq.gz	130-C_S529_L001_R2_001.fastq.gz	25321	25321
131-A	131-A	1	131-A_S150_L001_R1_001.fastq.gz	131-A_S150_L001_R2_001.fastq.gz	83801	83801
131-B	131-B	1	131-B_S340_L001_R1_001.fastq.gz	131-B_S340_L001_R2_001.fastq.gz	61171	61171
131-C	131-C	1	131-C_S530_L001_R1_001.fastq.gz	131-C_S530_L001_R2_001.fastq.gz	22370	22370
132-A	132-A	1	132-A_S143_L001_R1_001.fastq.gz	132-A_S143_L001_R2_001.fastq.gz	38548	38548
132-B	132-B	1	132-B_S333_L001_R1_001.fastq.gz	132-B_S333_L001_R2_001.fastq.gz	25445	25445
132-C	132-C	1	132-C_S523_L001_R1_001.fastq.gz	132-C_S523_L001_R2_001.fastq.gz	21393	21393
133-A	133-A	1	133-A_S144_L001_R1_001.fastq.gz	133-A_S144_L001_R2_001.fastq.gz	51828	51828
133-B	133-B	1	133-B_S334_L001_R1_001.fastq.gz	133-B_S334_L001_R2_001.fastq.gz	40700	40700
133-C	133-C	1	133-C_S524_L001_R1_001.fastq.gz	133-C_S524_L001_R2_001.fastq.gz	27308	27308
134-A	134-A	1	134-A_S145_L001_R1_001.fastq.gz	134-A_S145_L001_R2_001.fastq.gz	7607	7607
134-B	134-B	1	134-B_S335_L001_R1_001.fastq.gz	134-B_S335_L001_R2_001.fastq.gz	9247	9247
134-C	134-C	1	134-C_S525_L001_R1_001.fastq.gz	134-C_S525_L001_R2_001.fastq.gz	9818	9818
135-A	135-A	1	135-A_S146_L001_R1_001.fastq.gz	135-A_S146_L001_R2_001.fastq.gz	12090	12090
135-B	135-B	1	135-B_S336_L001_R1_001.fastq.gz	135-B_S336_L001_R2_001.fastq.gz	36417	36417
135-C	135-C	1	135-C_S526_L001_R1_001.fastq.gz	135-C_S526_L001_R2_001.fastq.gz	22189	22189
136-A	136-A	1	136-A_S147_L001_R1_001.fastq.gz	136-A_S147_L001_R2_001.fastq.gz	24377	24377
136-B	136-B	1	136-B_S337_L001_R1_001.fastq.gz	136-B_S337_L001_R2_001.fastq.gz	40733	40733
136-C	136-C	1	136-C_S527_L001_R1_001.fastq.gz	136-C_S527_L001_R2_001.fastq.gz	25514	25514
137-A	137-A	1	137-A_S148_L001_R1_001.fastq.gz	137-A_S148_L001_R2_001.fastq.gz	30811	30811
137-B	137-B	1	137-B_S338_L001_R1_001.fastq.gz	137-B_S338_L001_R2_001.fastq.gz	34378	34378
137-C	137-C	1	137-C_S528_L001_R1_001.fastq.gz	137-C_S528_L001_R2_001.fastq.gz	22932	22932
138-A	138-A	1	138-A_S141_L001_R1_001.fastq.gz	138-A_S141_L001_R2_001.fastq.gz	8243	8243
138-B	138-B	1	138-B_S331_L001_R1_001.fastq.gz	138-B_S331_L001_R2_001.fastq.gz	3236	3236
138-C	138-C	1	138-C_S521_L001_R1_001.fastq.gz	138-C_S521_L001_R2_001.fastq.gz	8098	8098
139-A	139-A	1	139-A_S142_L001_R1_001.fastq.gz	139-A_S142_L001_R2_001.fastq.gz	47043	47043
139-B	139-B	1	139-B_S332_L001_R1_001.fastq.gz	139-B_S332_L001_R2_001.fastq.gz	38734	38734
139-C	139-C	1	139-C_S522_L001_R1_001.fastq.gz	139-C_S522_L001_R2_001.fastq.gz	28386	28386
14-A	14-A	1	14-A_S14_L001_R1_001.fastq.gz	14-A_S14_L001_R2_001.fastq.gz	30125	30125
14-B	14-B	1	14-B_S204_L001_R1_001.fastq.gz	14-B_S204_L001_R2_001.fastq.gz	63988	63988
14-C	14-C	1	14-C_S394_L001_R1_001.fastq.gz	14-C_S394_L001_R2_001.fastq.gz	73220	73220
140-A	140-A	1	140-A_S151_L001_R1_001.fastq.gz	140-A_S151_L001_R2_001.fastq.gz	14718	14718
140-B	140-B	1	140-B_S341_L001_R1_001.fastq.gz	140-B_S341_L001_R2_001.fastq.gz	65226	65226
140-C	140-C	1	140-C_S531_L001_R1_001.fastq.gz	140-C_S531_L001_R2_001.fastq.gz	28315	28315
141-A	141-A	1	141-A_S152_L001_R1_001.fastq.gz	141-A_S152_L001_R2_001.fastq.gz	10674	10674
141-B	141-B	1	141-B_S342_L001_R1_001.fastq.gz	141-B_S342_L001_R2_001.fastq.gz	4199	4199
141-C	141-C	1	141-C_S532_L001_R1_001.fastq.gz	141-C_S532_L001_R2_001.fastq.gz	9797	9797
142-A	142-A	1	142-A_S153_L001_R1_001.fastq.gz	142-A_S153_L001_R2_001.fastq.gz	18243	18243
142-B	142-B	1	142-B_S343_L001_R1_001.fastq.gz	142-B_S343_L001_R2_001.fastq.gz	23703	23703
142-C	142-C	1	142-C_S533_L001_R1_001.fastq.gz	142-C_S533_L001_R2_001.fastq.gz	67166	67166
143-A	143-A	1	143-A_S154_L001_R1_001.fastq.gz	143-A_S154_L001_R2_001.fastq.gz	19849	19849
143-B	143-B	1	143-B_S344_L001_R1_001.fastq.gz	143-B_S344_L001_R2_001.fastq.gz	17589	17589
143-C	143-C	1	143-C_S534_L001_R1_001.fastq.gz	143-C_S534_L001_R2_001.fastq.gz	44840	44840
144-A	144-A	1	144-A_S155_L001_R1_001.fastq.gz	144-A_S155_L001_R2_001.fastq.gz	24386	24386
144-B	144-B	1	144-B_S345_L001_R1_001.fastq.gz	144-B_S345_L001_R2_001.fastq.gz	15506	15506
144-C	144-C	1	144-C_S535_L001_R1_001.fastq.gz	144-C_S535_L001_R2_001.fastq.gz	27588	27588
145-A	145-A	1	145-A_S156_L001_R1_001.fastq.gz	145-A_S156_L001_R2_001.fastq.gz	58751	58751
145-B	145-B	1	145-B_S346_L001_R1_001.fastq.gz	145-B_S346_L001_R2_001.fastq.gz	44519	44519
145-C	145-C	1	145-C_S536_L001_R1_001.fastq.gz	145-C_S536_L001_R2_001.fastq.gz	51420	51420
146-A	146-A	1	146-A_S157_L001_R1_001.fastq.gz	146-A_S157_L001_R2_001.fastq.gz	34655	34655
146-B	146-B	1	146-B_S347_L001_R1_001.fastq.gz	146-B_S347_L001_R2_001.fastq.gz	34193	34193
146-C	146-C	1	146-C_S537_L001_R1_001.fastq.gz	146-C_S537_L001_R2_001.fastq.gz	59667	59667
147-A	147-A	1	147-A_S158_L001_R1_001.fastq.gz	147-A_S158_L001_R2_001.fastq.gz	32484	32484
147-B	147-B	1	147-B_S348_L001_R1_001.fastq.gz	147-B_S348_L001_R2_001.fastq.gz	37041	37041
147-C	147-C	1	147-C_S538_L001_R1_001.fastq.gz	147-C_S538_L001_R2_001.fastq.gz	55150	55150
148-A	148-A	1	148-A_S159_L001_R1_001.fastq.gz	148-A_S159_L001_R2_001.fastq.gz	5490	5490
148-B	148-B	1	148-B_S349_L001_R1_001.fastq.gz	148-B_S349_L001_R2_001.fastq.gz	1856	1856
148-C	148-C	1	148-C_S539_L001_R1_001.fastq.gz	148-C_S539_L001_R2_001.fastq.gz	14090	14090
149-A	149-A	1	149-A_S160_L001_R1_001.fastq.gz	149-A_S160_L001_R2_001.fastq.gz	27706	27706
149-B	149-B	1	149-B_S350_L001_R1_001.fastq.gz	149-B_S350_L001_R2_001.fastq.gz	36002	36002
149-C	149-C	1	149-C_S540_L001_R1_001.fastq.gz	149-C_S540_L001_R2_001.fastq.gz	54183	54183
15-A	15-A	1	15-A_S15_L001_R1_001.fastq.gz	15-A_S15_L001_R2_001.fastq.gz	3068	3068
15-B	15-B	1	15-B_S205_L001_R1_001.fastq.gz	15-B_S205_L001_R2_001.fastq.gz	943	943
15-C	15-C	1	15-C_S395_L001_R1_001.fastq.gz	15-C_S395_L001_R2_001.fastq.gz	17288	17288
150-A	150-A	1	150-A_S161_L001_R1_001.fastq.gz	150-A_S161_L001_R2_001.fastq.gz	12792	12792
150-B	150-B	1	150-B_S351_L001_R1_001.fastq.gz	150-B_S351_L001_R2_001.fastq.gz	24727	24727
150-C	150-C	1	150-C_S541_L001_R1_001.fastq.gz	150-C_S541_L001_R2_001.fastq.gz	55033	55033
151-A	151-A	1	151-A_S162_L001_R1_001.fastq.gz	151-A_S162_L001_R2_001.fastq.gz	13835	13835
151-B	151-B	1	151-B_S352_L001_R1_001.fastq.gz	151-B_S352_L001_R2_001.fastq.gz	20575	20575
151-C	151-C	1	151-C_S542_L001_R1_001.fastq.gz	151-C_S542_L001_R2_001.fastq.gz	39989	39989
152-A	152-A	1	152-A_S163_L001_R1_001.fastq.gz	152-A_S163_L001_R2_001.fastq.gz	17298	17298
152-B	152-B	1	152-B_S353_L001_R1_001.fastq.gz	152-B_S353_L001_R2_001.fastq.gz	17995	17995
152-C	152-C	1	152-C_S543_L001_R1_001.fastq.gz	152-C_S543_L001_R2_001.fastq.gz	35122	35122
153-A	153-A	1	153-A_S164_L001_R1_001.fastq.gz	153-A_S164_L001_R2_001.fastq.gz	21566	21566
153-B	153-B	1	153-B_S354_L001_R1_001.fastq.gz	153-B_S354_L001_R2_001.fastq.gz	24754	24754
153-C	153-C	1	153-C_S544_L001_R1_001.fastq.gz	153-C_S544_L001_R2_001.fastq.gz	44731	44731
154-A	154-A	1	154-A_S165_L001_R1_001.fastq.gz	154-A_S165_L001_R2_001.fastq.gz	19243	19243
154-B	154-B	1	154-B_S355_L001_R1_001.fastq.gz	154-B_S355_L001_R2_001.fastq.gz	42584	42584
154-C	154-C	1	154-C_S545_L001_R1_001.fastq.gz	154-C_S545_L001_R2_001.fastq.gz	30344	30344
155-A	155-A	1	155-A_S166_L001_R1_001.fastq.gz	155-A_S166_L001_R2_001.fastq.gz	6050	6050
155-B	155-B	1	155-B_S356_L001_R1_001.fastq.gz	155-B_S356_L001_R2_001.fastq.gz	10255	10255
155-C	155-C	1	155-C_S546_L001_R1_001.fastq.gz	155-C_S546_L001_R2_001.fastq.gz	15908	15908
156-A	156-A	1	156-A_S167_L001_R1_001.fastq.gz	156-A_S167_L001_R2_001.fastq.gz	34398	34398
156-B	156-B	1	156-B_S357_L001_R1_001.fastq.gz	156-B_S357_L001_R2_001.fastq.gz	24976	24976
156-C	156-C	1	156-C_S547_L001_R1_001.fastq.gz	156-C_S547_L001_R2_001.fastq.gz	48977	48977
157-A	157-A	1	157-A_S168_L001_R1_001.fastq.gz	157-A_S168_L001_R2_001.fastq.gz	22050	22050
157-B	157-B	1	157-B_S358_L001_R1_001.fastq.gz	157-B_S358_L001_R2_001.fastq.gz	22992	22992
157-C	157-C	1	157-C_S548_L001_R1_001.fastq.gz	157-C_S548_L001_R2_001.fastq.gz	67902	67902
158-A	158-A	1	158-A_S169_L001_R1_001.fastq.gz	158-A_S169_L001_R2_001.fastq.gz	13059	13059
158-B	158-B	1	158-B_S359_L001_R1_001.fastq.gz	158-B_S359_L001_R2_001.fastq.gz	42122	42122
158-C	158-C	1	158-C_S549_L001_R1_001.fastq.gz	158-C_S549_L001_R2_001.fastq.gz	25532	25532
159-A	159-A	1	159-A_S170_L001_R1_001.fastq.gz	159-A_S170_L001_R2_001.fastq.gz	8319	8319
159-B	159-B	1	159-B_S360_L001_R1_001.fastq.gz	159-B_S360_L001_R2_001.fastq.gz	27967	27967
159-C	159-C	1	159-C_S550_L001_R1_001.fastq.gz	159-C_S550_L001_R2_001.fastq.gz	23672	23672
16-A	16-A	1	16-A_S16_L001_R1_001.fastq.gz	16-A_S16_L001_R2_001.fastq.gz	19416	19416
16-B	16-B	1	16-B_S206_L001_R1_001.fastq.gz	16-B_S206_L001_R2_001.fastq.gz	60481	60481
16-C	16-C	1	16-C_S396_L001_R1_001.fastq.gz	16-C_S396_L001_R2_001.fastq.gz	50099	50099
160-A	160-A	1	160-A_S171_L001_R1_001.fastq.gz	160-A_S171_L001_R2_001.fastq.gz	21086	21086
160-B	160-B	1	160-B_S361_L001_R1_001.fastq.gz	160-B_S361_L001_R2_001.fastq.gz	50699	50699
160-C	160-C	1	160-C_S551_L001_R1_001.fastq.gz	160-C_S551_L001_R2_001.fastq.gz	28919	28919
161-A	161-A	1	161-A_S172_L001_R1_001.fastq.gz	161-A_S172_L001_R2_001.fastq.gz	8919	8919
161-B	161-B	1	161-B_S362_L001_R1_001.fastq.gz	161-B_S362_L001_R2_001.fastq.gz	26908	26908
161-C	161-C	1	161-C_S552_L001_R1_001.fastq.gz	161-C_S552_L001_R2_001.fastq.gz	32368	32368
162-A	162-A	1	162-A_S173_L001_R1_001.fastq.gz	162-A_S173_L001_R2_001.fastq.gz	10220	10220
162-B	162-B	1	162-B_S363_L001_R1_001.fastq.gz	162-B_S363_L001_R2_001.fastq.gz	882	882
162-C	162-C	1	162-C_S553_L001_R1_001.fastq.gz	162-C_S553_L001_R2_001.fastq.gz	13243	13243
163-A	163-A	1	163-A_S174_L001_R1_001.fastq.gz	163-A_S174_L001_R2_001.fastq.gz	39855	39855
163-B	163-B	1	163-B_S364_L001_R1_001.fastq.gz	163-B_S364_L001_R2_001.fastq.gz	29433	29433
163-C	163-C	1	163-C_S554_L001_R1_001.fastq.gz	163-C_S554_L001_R2_001.fastq.gz	18017	18017
164-A	164-A	1	164-A_S175_L001_R1_001.fastq.gz	164-A_S175_L001_R2_001.fastq.gz	39863	39863
164-B	164-B	1	164-B_S365_L001_R1_001.fastq.gz	164-B_S365_L001_R2_001.fastq.gz	41026	41026
164-C	164-C	1	164-C_S555_L001_R1_001.fastq.gz	164-C_S555_L001_R2_001.fastq.gz	22673	22673
165-A	165-A	1	165-A_S176_L001_R1_001.fastq.gz	165-A_S176_L001_R2_001.fastq.gz	10914	10914
165-B	165-B	1	165-B_S366_L001_R1_001.fastq.gz	165-B_S366_L001_R2_001.fastq.gz	34444	34444
165-C	165-C	1	165-C_S556_L001_R1_001.fastq.gz	165-C_S556_L001_R2_001.fastq.gz	23499	23499
166-A	166-A	1	166-A_S177_L001_R1_001.fastq.gz	166-A_S177_L001_R2_001.fastq.gz	19642	19642
166-B	166-B	1	166-B_S367_L001_R1_001.fastq.gz	166-B_S367_L001_R2_001.fastq.gz	43544	43544
166-C	166-C	1	166-C_S557_L001_R1_001.fastq.gz	166-C_S557_L001_R2_001.fastq.gz	35104	35104
167-A	167-A	1	167-A_S178_L001_R1_001.fastq.gz	167-A_S178_L001_R2_001.fastq.gz	26339	26339
167-B	167-B	1	167-B_S368_L001_R1_001.fastq.gz	167-B_S368_L001_R2_001.fastq.gz	45512	45512
167-C	167-C	1	167-C_S558_L001_R1_001.fastq.gz	167-C_S558_L001_R2_001.fastq.gz	28382	28382
168-A	168-A	1	168-A_S179_L001_R1_001.fastq.gz	168-A_S179_L001_R2_001.fastq.gz	22829	22829
168-B	168-B	1	168-B_S369_L001_R1_001.fastq.gz	168-B_S369_L001_R2_001.fastq.gz	51006	51006
168-C	168-C	1	168-C_S559_L001_R1_001.fastq.gz	168-C_S559_L001_R2_001.fastq.gz	21551	21551
169-A	169-A	1	169-A_S180_L001_R1_001.fastq.gz	169-A_S180_L001_R2_001.fastq.gz	4245	4245
169-B	169-B	1	169-B_S370_L001_R1_001.fastq.gz	169-B_S370_L001_R2_001.fastq.gz	712	712
169-C	169-C	1	169-C_S560_L001_R1_001.fastq.gz	169-C_S560_L001_R2_001.fastq.gz	7626	7626
17-A	17-A	1	17-A_S17_L001_R1_001.fastq.gz	17-A_S17_L001_R2_001.fastq.gz	8916	8916
17-B	17-B	1	17-B_S207_L001_R1_001.fastq.gz	17-B_S207_L001_R2_001.fastq.gz	16926	16926
17-C	17-C	1	17-C_S397_L001_R1_001.fastq.gz	17-C_S397_L001_R2_001.fastq.gz	18882	18882
170-A	170-A	1	170-A_S181_L001_R1_001.fastq.gz	170-A_S181_L001_R2_001.fastq.gz	54570	54570
170-B	170-B	1	170-B_S371_L001_R1_001.fastq.gz	170-B_S371_L001_R2_001.fastq.gz	43677	43677
170-C	170-C	1	170-C_S561_L001_R1_001.fastq.gz	170-C_S561_L001_R2_001.fastq.gz	37453	37453
171-A	171-A	1	171-A_S182_L001_R1_001.fastq.gz	171-A_S182_L001_R2_001.fastq.gz	18824	18824
171-B	171-B	1	171-B_S372_L001_R1_001.fastq.gz	171-B_S372_L001_R2_001.fastq.gz	40317	40317
171-C	171-C	1	171-C_S562_L001_R1_001.fastq.gz	171-C_S562_L001_R2_001.fastq.gz	38177	38177
172-A	172-A	1	172-A_S183_L001_R1_001.fastq.gz	172-A_S183_L001_R2_001.fastq.gz	26410	26410
172-B	172-B	1	172-B_S373_L001_R1_001.fastq.gz	172-B_S373_L001_R2_001.fastq.gz	31982	31982
172-C	172-C	1	172-C_S563_L001_R1_001.fastq.gz	172-C_S563_L001_R2_001.fastq.gz	40306	40306
173-A	173-A	1	173-A_S184_L001_R1_001.fastq.gz	173-A_S184_L001_R2_001.fastq.gz	701	701
173-B	173-B	1	173-B_S374_L001_R1_001.fastq.gz	173-B_S374_L001_R2_001.fastq.gz	52525	52525
173-C	173-C	1	173-C_S564_L001_R1_001.fastq.gz	173-C_S564_L001_R2_001.fastq.gz	23607	23607
174-A	174-A	1	174-A_S185_L001_R1_001.fastq.gz	174-A_S185_L001_R2_001.fastq.gz	11491	11491
174-B	174-B	1	174-B_S375_L001_R1_001.fastq.gz	174-B_S375_L001_R2_001.fastq.gz	29360	29360
174-C	174-C	1	174-C_S565_L001_R1_001.fastq.gz	174-C_S565_L001_R2_001.fastq.gz	3274	3274
175-A	175-A	1	175-A_S186_L001_R1_001.fastq.gz	175-A_S186_L001_R2_001.fastq.gz	13808	13808
175-B	175-B	1	175-B_S376_L001_R1_001.fastq.gz	175-B_S376_L001_R2_001.fastq.gz	41686	41686
175-C	175-C	1	175-C_S566_L001_R1_001.fastq.gz	175-C_S566_L001_R2_001.fastq.gz	2658	2658
176-A	176-A	1	176-A_S187_L001_R1_001.fastq.gz	176-A_S187_L001_R2_001.fastq.gz	7339	7339
176-B	176-B	1	176-B_S377_L001_R1_001.fastq.gz	176-B_S377_L001_R2_001.fastq.gz	8754	8754
176-C	176-C	1	176-C_S567_L001_R1_001.fastq.gz	176-C_S567_L001_R2_001.fastq.gz	4852	4852
18-A	18-A	1	18-A_S18_L001_R1_001.fastq.gz	18-A_S18_L001_R2_001.fastq.gz	32509	32509
18-B	18-B	1	18-B_S208_L001_R1_001.fastq.gz	18-B_S208_L001_R2_001.fastq.gz	32635	32635
18-C	18-C	1	18-C_S398_L001_R1_001.fastq.gz	18-C_S398_L001_R2_001.fastq.gz	26124	26124
19-A	19-A	1	19-A_S19_L001_R1_001.fastq.gz	19-A_S19_L001_R2_001.fastq.gz	20409	20409
19-B	19-B	1	19-B_S209_L001_R1_001.fastq.gz	19-B_S209_L001_R2_001.fastq.gz	34401	34401
19-C	19-C	1	19-C_S399_L001_R1_001.fastq.gz	19-C_S399_L001_R2_001.fastq.gz	33957	33957
2-A	2-A	1	2-A_S2_L001_R1_001.fastq.gz	2-A_S2_L001_R2_001.fastq.gz	46852	46852
2-B	2-B	1	2-B_S192_L001_R1_001.fastq.gz	2-B_S192_L001_R2_001.fastq.gz	21642	21642
2-C	2-C	1	2-C_S382_L001_R1_001.fastq.gz	2-C_S382_L001_R2_001.fastq.gz	56788	56788
20-A	20-A	1	20-A_S20_L001_R1_001.fastq.gz	20-A_S20_L001_R2_001.fastq.gz	18294	18294
20-B	20-B	1	20-B_S210_L001_R1_001.fastq.gz	20-B_S210_L001_R2_001.fastq.gz	20284	20284
20-C	20-C	1	20-C_S400_L001_R1_001.fastq.gz	20-C_S400_L001_R2_001.fastq.gz	31414	31414
21-A	21-A	1	21-A_S21_L001_R1_001.fastq.gz	21-A_S21_L001_R2_001.fastq.gz	18779	18779
21-B	21-B	1	21-B_S211_L001_R1_001.fastq.gz	21-B_S211_L001_R2_001.fastq.gz	17677	17677
21-C	21-C	1	21-C_S401_L001_R1_001.fastq.gz	21-C_S401_L001_R2_001.fastq.gz	24408	24408
22-A	22-A	1	22-A_S22_L001_R1_001.fastq.gz	22-A_S22_L001_R2_001.fastq.gz	7926	7926
22-B	22-B	1	22-B_S212_L001_R1_001.fastq.gz	22-B_S212_L001_R2_001.fastq.gz	5884	5884
22-C	22-C	1	22-C_S402_L001_R1_001.fastq.gz	22-C_S402_L001_R2_001.fastq.gz	4997	4997
23-A	23-A	1	23-A_S23_L001_R1_001.fastq.gz	23-A_S23_L001_R2_001.fastq.gz	32255	32255
23-B	23-B	1	23-B_S213_L001_R1_001.fastq.gz	23-B_S213_L001_R2_001.fastq.gz	27784	27784
23-C	23-C	1	23-C_S403_L001_R1_001.fastq.gz	23-C_S403_L001_R2_001.fastq.gz	35020	35020
24-A	24-A	1	24-A_S24_L001_R1_001.fastq.gz	24-A_S24_L001_R2_001.fastq.gz	40902	40902
24-B	24-B	1	24-B_S214_L001_R1_001.fastq.gz	24-B_S214_L001_R2_001.fastq.gz	26932	26932
24-C	24-C	1	24-C_S404_L001_R1_001.fastq.gz	24-C_S404_L001_R2_001.fastq.gz	27734	27734
25-A	25-A	1	25-A_S25_L001_R1_001.fastq.gz	25-A_S25_L001_R2_001.fastq.gz	29856	29856
25-A2	25-A2	1	25-A2_S33_L001_R1_001.fastq.gz	25-A2_S33_L001_R2_001.fastq.gz	24178	24178
25-B	25-B	1	25-B_S215_L001_R1_001.fastq.gz	25-B_S215_L001_R2_001.fastq.gz	20745	20745
25-B2	25-B2	1	25-B2_S223_L001_R1_001.fastq.gz	25-B2_S223_L001_R2_001.fastq.gz	32761	32761
25-C	25-C	1	25-C_S405_L001_R1_001.fastq.gz	25-C_S405_L001_R2_001.fastq.gz	24072	24072
25-C2	25-C2	1	25-C2_S413_L001_R1_001.fastq.gz	25-C2_S413_L001_R2_001.fastq.gz	104202	104202
26-A	26-A	1	26-A_S26_L001_R1_001.fastq.gz	26-A_S26_L001_R2_001.fastq.gz	261373	261373
26-A2	26-A2	1	26-A2_S34_L001_R1_001.fastq.gz	26-A2_S34_L001_R2_001.fastq.gz	13441	13441
26-B	26-B	1	26-B_S216_L001_R1_001.fastq.gz	26-B_S216_L001_R2_001.fastq.gz	22542	22542
26-B2	26-B2	1	26-B2_S224_L001_R1_001.fastq.gz	26-B2_S224_L001_R2_001.fastq.gz	29243	29243
26-C	26-C	1	26-C_S406_L001_R1_001.fastq.gz	26-C_S406_L001_R2_001.fastq.gz	19602	19602
26-C2	26-C2	1	26-C2_S414_L001_R1_001.fastq.gz	26-C2_S414_L001_R2_001.fastq.gz	48905	48905
27-A	27-A	1	27-A_S27_L001_R1_001.fastq.gz	27-A_S27_L001_R2_001.fastq.gz	75530	75530
27-A2	27-A2	1	27-A2_S35_L001_R1_001.fastq.gz	27-A2_S35_L001_R2_001.fastq.gz	41299	41299
27-B	27-B	1	27-B_S217_L001_R1_001.fastq.gz	27-B_S217_L001_R2_001.fastq.gz	13656	13656
27-B2	27-B2	1	27-B2_S225_L001_R1_001.fastq.gz	27-B2_S225_L001_R2_001.fastq.gz	26196	26196
27-C	27-C	1	27-C_S407_L001_R1_001.fastq.gz	27-C_S407_L001_R2_001.fastq.gz	29642	29642
27-C2	27-C2	1	27-C2_S415_L001_R1_001.fastq.gz	27-C2_S415_L001_R2_001.fastq.gz	63236	63236
28-A	28-A	1	28-A_S28_L001_R1_001.fastq.gz	28-A_S28_L001_R2_001.fastq.gz	60023	60023
28-A2	28-A2	1	28-A2_S36_L001_R1_001.fastq.gz	28-A2_S36_L001_R2_001.fastq.gz	30370	30370
28-B	28-B	1	28-B_S218_L001_R1_001.fastq.gz	28-B_S218_L001_R2_001.fastq.gz	14976	14976
28-B2	28-B2	1	28-B2_S226_L001_R1_001.fastq.gz	28-B2_S226_L001_R2_001.fastq.gz	20937	20937
28-C	28-C	1	28-C_S408_L001_R1_001.fastq.gz	28-C_S408_L001_R2_001.fastq.gz	23629	23629
28-C2	28-C2	1	28-C2_S416_L001_R1_001.fastq.gz	28-C2_S416_L001_R2_001.fastq.gz	76556	76556
29-A	29-A	1	29-A_S29_L001_R1_001.fastq.gz	29-A_S29_L001_R2_001.fastq.gz	16885	16885
29-A2	29-A2	1	29-A2_S37_L001_R1_001.fastq.gz	29-A2_S37_L001_R2_001.fastq.gz	19076	19076
29-B	29-B	1	29-B_S219_L001_R1_001.fastq.gz	29-B_S219_L001_R2_001.fastq.gz	890	890
29-B2	29-B2	1	29-B2_S227_L001_R1_001.fastq.gz	29-B2_S227_L001_R2_001.fastq.gz	10090	10090
29-C	29-C	1	29-C_S409_L001_R1_001.fastq.gz	29-C_S409_L001_R2_001.fastq.gz	5128	5128
29-C2	29-C2	1	29-C2_S417_L001_R1_001.fastq.gz	29-C2_S417_L001_R2_001.fastq.gz	13662	13662
3-A	3-A	1	3-A_S3_L001_R1_001.fastq.gz	3-A_S3_L001_R2_001.fastq.gz	27713	27713
3-B	3-B	1	3-B_S193_L001_R1_001.fastq.gz	3-B_S193_L001_R2_001.fastq.gz	25145	25145
3-C	3-C	1	3-C_S383_L001_R1_001.fastq.gz	3-C_S383_L001_R2_001.fastq.gz	40186	40186
30-A	30-A	1	30-A_S30_L001_R1_001.fastq.gz	30-A_S30_L001_R2_001.fastq.gz	38855	38855
30-A2	30-A2	1	30-A2_S38_L001_R1_001.fastq.gz	30-A2_S38_L001_R2_001.fastq.gz	24761	24761
30-B	30-B	1	30-B_S220_L001_R1_001.fastq.gz	30-B_S220_L001_R2_001.fastq.gz	95526	95526
30-B2	30-B2	1	30-B2_S228_L001_R1_001.fastq.gz	30-B2_S228_L001_R2_001.fastq.gz	19963	19963
30-C	30-C	1	30-C_S410_L001_R1_001.fastq.gz	30-C_S410_L001_R2_001.fastq.gz	29411	29411
30-C2	30-C2	1	30-C2_S418_L001_R1_001.fastq.gz	30-C2_S418_L001_R2_001.fastq.gz	67367	67367
31-A	31-A	1	31-A_S31_L001_R1_001.fastq.gz	31-A_S31_L001_R2_001.fastq.gz	40860	40860
31-A2	31-A2	1	31-A2_S39_L001_R1_001.fastq.gz	31-A2_S39_L001_R2_001.fastq.gz	28209	28209
31-B	31-B	1	31-B_S221_L001_R1_001.fastq.gz	31-B_S221_L001_R2_001.fastq.gz	58437	58437
31-B2	31-B2	1	31-B2_S229_L001_R1_001.fastq.gz	31-B2_S229_L001_R2_001.fastq.gz	24165	24165
31-C	31-C	1	31-C_S411_L001_R1_001.fastq.gz	31-C_S411_L001_R2_001.fastq.gz	30166	30166
31-C2	31-C2	1	31-C2_S419_L001_R1_001.fastq.gz	31-C2_S419_L001_R2_001.fastq.gz	152395	152395
32-A	32-A	1	32-A_S32_L001_R1_001.fastq.gz	32-A_S32_L001_R2_001.fastq.gz	40878	40878
32-A2	32-A2	1	32-A2_S40_L001_R1_001.fastq.gz	32-A2_S40_L001_R2_001.fastq.gz	26627	26627
32-B	32-B	1	32-B_S222_L001_R1_001.fastq.gz	32-B_S222_L001_R2_001.fastq.gz	95703	95703
32-B2	32-B2	1	32-B2_S230_L001_R1_001.fastq.gz	32-B2_S230_L001_R2_001.fastq.gz	21433	21433
32-C	32-C	1	32-C_S412_L001_R1_001.fastq.gz	32-C_S412_L001_R2_001.fastq.gz	24518	24518
32-C2	32-C2	1	32-C2_S420_L001_R1_001.fastq.gz	32-C2_S420_L001_R2_001.fastq.gz	68236	68236
33-A	33-A	1	33-A_S41_L001_R1_001.fastq.gz	33-A_S41_L001_R2_001.fastq.gz	13332	13332
33-B	33-B	1	33-B_S231_L001_R1_001.fastq.gz	33-B_S231_L001_R2_001.fastq.gz	18757	18757
33-C	33-C	1	33-C_S421_L001_R1_001.fastq.gz	33-C_S421_L001_R2_001.fastq.gz	18105	18105
34-A	34-A	1	34-A_S42_L001_R1_001.fastq.gz	34-A_S42_L001_R2_001.fastq.gz	18002	18002
34-B	34-B	1	34-B_S232_L001_R1_001.fastq.gz	34-B_S232_L001_R2_001.fastq.gz	36712	36712
34-C	34-C	1	34-C_S422_L001_R1_001.fastq.gz	34-C_S422_L001_R2_001.fastq.gz	31780	31780
35-A	35-A	1	35-A_S43_L001_R1_001.fastq.gz	35-A_S43_L001_R2_001.fastq.gz	20900	20900
35-B	35-B	1	35-B_S233_L001_R1_001.fastq.gz	35-B_S233_L001_R2_001.fastq.gz	27935	27935
35-C	35-C	1	35-C_S423_L001_R1_001.fastq.gz	35-C_S423_L001_R2_001.fastq.gz	35103	35103
36-A	36-A	1	36-A_S44_L001_R1_001.fastq.gz	36-A_S44_L001_R2_001.fastq.gz	17566	17566
36-B	36-B	1	36-B_S234_L001_R1_001.fastq.gz	36-B_S234_L001_R2_001.fastq.gz	1171	1171
36-C	36-C	1	36-C_S424_L001_R1_001.fastq.gz	36-C_S424_L001_R2_001.fastq.gz	7772	7772
37-A	37-A	1	37-A_S45_L001_R1_001.fastq.gz	37-A_S45_L001_R2_001.fastq.gz	4188	4188
37-B	37-B	1	37-B_S235_L001_R1_001.fastq.gz	37-B_S235_L001_R2_001.fastq.gz	2830	2830
37-C	37-C	1	37-C_S425_L001_R1_001.fastq.gz	37-C_S425_L001_R2_001.fastq.gz	9767	9767
38-A	38-A	1	38-A_S46_L001_R1_001.fastq.gz	38-A_S46_L001_R2_001.fastq.gz	25539	25539
38-B	38-B	1	38-B_S236_L001_R1_001.fastq.gz	38-B_S236_L001_R2_001.fastq.gz	16652	16652
38-C	38-C	1	38-C_S426_L001_R1_001.fastq.gz	38-C_S426_L001_R2_001.fastq.gz	27442	27442
39-A	39-A	1	39-A_S47_L001_R1_001.fastq.gz	39-A_S47_L001_R2_001.fastq.gz	15806	15806
39-B	39-B	1	39-B_S237_L001_R1_001.fastq.gz	39-B_S237_L001_R2_001.fastq.gz	22422	22422
39-C	39-C	1	39-C_S427_L001_R1_001.fastq.gz	39-C_S427_L001_R2_001.fastq.gz	23056	23056
4-A	4-A	1	4-A_S4_L001_R1_001.fastq.gz	4-A_S4_L001_R2_001.fastq.gz	70817	70817
4-B	4-B	1	4-B_S194_L001_R1_001.fastq.gz	4-B_S194_L001_R2_001.fastq.gz	74240	74240
4-C	4-C	1	4-C_S384_L001_R1_001.fastq.gz	4-C_S384_L001_R2_001.fastq.gz	66643	66643
40-A	40-A	1	40-A_S48_L001_R1_001.fastq.gz	40-A_S48_L001_R2_001.fastq.gz	30084	30084
40-B	40-B	1	40-B_S238_L001_R1_001.fastq.gz	40-B_S238_L001_R2_001.fastq.gz	30835	30835
40-C	40-C	1	40-C_S428_L001_R1_001.fastq.gz	40-C_S428_L001_R2_001.fastq.gz	26087	26087
41-A	41-A	1	41-A_S49_L001_R1_001.fastq.gz	41-A_S49_L001_R2_001.fastq.gz	16255	16255
41-B	41-B	1	41-B_S239_L001_R1_001.fastq.gz	41-B_S239_L001_R2_001.fastq.gz	5793	5793
41-C	41-C	1	41-C_S429_L001_R1_001.fastq.gz	41-C_S429_L001_R2_001.fastq.gz	40849	40849
42-A	42-A	1	42-A_S50_L001_R1_001.fastq.gz	42-A_S50_L001_R2_001.fastq.gz	16349	16349
42-B	42-B	1	42-B_S240_L001_R1_001.fastq.gz	42-B_S240_L001_R2_001.fastq.gz	67415	67415
42-C	42-C	1	42-C_S430_L001_R1_001.fastq.gz	42-C_S430_L001_R2_001.fastq.gz	14898	14898
43-A	43-A	1	43-A_S51_L001_R1_001.fastq.gz	43-A_S51_L001_R2_001.fastq.gz	6275	6275
43-B	43-B	1	43-B_S241_L001_R1_001.fastq.gz	43-B_S241_L001_R2_001.fastq.gz	705	705
43-C	43-C	1	43-C_S431_L001_R1_001.fastq.gz	43-C_S431_L001_R2_001.fastq.gz	11872	11872
44-A	44-A	1	44-A_S52_L001_R1_001.fastq.gz	44-A_S52_L001_R2_001.fastq.gz	18940	18940
44-B	44-B	1	44-B_S242_L001_R1_001.fastq.gz	44-B_S242_L001_R2_001.fastq.gz	642	642
44-C	44-C	1	44-C_S432_L001_R1_001.fastq.gz	44-C_S432_L001_R2_001.fastq.gz	25872	25872
45-A	45-A	1	45-A_S53_L001_R1_001.fastq.gz	45-A_S53_L001_R2_001.fastq.gz	26210	26210
45-B	45-B	1	45-B_S243_L001_R1_001.fastq.gz	45-B_S243_L001_R2_001.fastq.gz	19556	19556
45-C	45-C	1	45-C_S433_L001_R1_001.fastq.gz	45-C_S433_L001_R2_001.fastq.gz	22754	22754
46-A	46-A	1	46-A_S54_L001_R1_001.fastq.gz	46-A_S54_L001_R2_001.fastq.gz	27254	27254
46-B	46-B	1	46-B_S244_L001_R1_001.fastq.gz	46-B_S244_L001_R2_001.fastq.gz	22630	22630
46-C	46-C	1	46-C_S434_L001_R1_001.fastq.gz	46-C_S434_L001_R2_001.fastq.gz	25770	25770
47-A	47-A	1	47-A_S55_L001_R1_001.fastq.gz	47-A_S55_L001_R2_001.fastq.gz	3285	3285
47-B	47-B	1	47-B_S245_L001_R1_001.fastq.gz	47-B_S245_L001_R2_001.fastq.gz	2715	2715
47-C	47-C	1	47-C_S435_L001_R1_001.fastq.gz	47-C_S435_L001_R2_001.fastq.gz	7871	7871
48-A	48-A	1	48-A_S56_L001_R1_001.fastq.gz	48-A_S56_L001_R2_001.fastq.gz	33861	33861
48-B	48-B	1	48-B_S246_L001_R1_001.fastq.gz	48-B_S246_L001_R2_001.fastq.gz	32404	32404
48-C	48-C	1	48-C_S436_L001_R1_001.fastq.gz	48-C_S436_L001_R2_001.fastq.gz	24892	24892
49-A	49-A	1	49-A_S57_L001_R1_001.fastq.gz	49-A_S57_L001_R2_001.fastq.gz	18722	18722
49-B	49-B	1	49-B_S247_L001_R1_001.fastq.gz	49-B_S247_L001_R2_001.fastq.gz	8568	8568
49-C	49-C	1	49-C_S437_L001_R1_001.fastq.gz	49-C_S437_L001_R2_001.fastq.gz	34868	34868
5-A	5-A	1	5-A_S5_L001_R1_001.fastq.gz	5-A_S5_L001_R2_001.fastq.gz	32091	32091
5-B	5-B	1	5-B_S195_L001_R1_001.fastq.gz	5-B_S195_L001_R2_001.fastq.gz	28768	28768
5-C	5-C	1	5-C_S385_L001_R1_001.fastq.gz	5-C_S385_L001_R2_001.fastq.gz	49893	49893
50-A	50-A	1	50-A_S58_L001_R1_001.fastq.gz	50-A_S58_L001_R2_001.fastq.gz	6745	6745
50-B	50-B	1	50-B_S248_L001_R1_001.fastq.gz	50-B_S248_L001_R2_001.fastq.gz	4591	4591
50-C	50-C	1	50-C_S438_L001_R1_001.fastq.gz	50-C_S438_L001_R2_001.fastq.gz	3928	3928
51-A	51-A	1	51-A_S59_L001_R1_001.fastq.gz	51-A_S59_L001_R2_001.fastq.gz	17779	17779
51-B	51-B	1	51-B_S249_L001_R1_001.fastq.gz	51-B_S249_L001_R2_001.fastq.gz	20225	20225
51-C	51-C	1	51-C_S439_L001_R1_001.fastq.gz	51-C_S439_L001_R2_001.fastq.gz	30881	30881
52-A	52-A	1	52-A_S60_L001_R1_001.fastq.gz	52-A_S60_L001_R2_001.fastq.gz	29443	29443
52-B	52-B	1	52-B_S250_L001_R1_001.fastq.gz	52-B_S250_L001_R2_001.fastq.gz	11409	11409
52-C	52-C	1	52-C_S440_L001_R1_001.fastq.gz	52-C_S440_L001_R2_001.fastq.gz	52047	52047
53-A	53-A	1	53-A_S61_L001_R1_001.fastq.gz	53-A_S61_L001_R2_001.fastq.gz	23903	23903
53-B	53-B	1	53-B_S251_L001_R1_001.fastq.gz	53-B_S251_L001_R2_001.fastq.gz	13514	13514
53-C	53-C	1	53-C_S441_L001_R1_001.fastq.gz	53-C_S441_L001_R2_001.fastq.gz	27135	27135
54-A	54-A	1	54-A_S62_L001_R1_001.fastq.gz	54-A_S62_L001_R2_001.fastq.gz	56273	56273
54-B	54-B	1	54-B_S252_L001_R1_001.fastq.gz	54-B_S252_L001_R2_001.fastq.gz	25797	25797
54-C	54-C	1	54-C_S442_L001_R1_001.fastq.gz	54-C_S442_L001_R2_001.fastq.gz	20412	20412
55-A	55-A	1	55-A_S63_L001_R1_001.fastq.gz	55-A_S63_L001_R2_001.fastq.gz	41720	41720
55-B	55-B	1	55-B_S253_L001_R1_001.fastq.gz	55-B_S253_L001_R2_001.fastq.gz	19649	19649
55-C	55-C	1	55-C_S443_L001_R1_001.fastq.gz	55-C_S443_L001_R2_001.fastq.gz	17344	17344
56-A	56-A	1	56-A_S64_L001_R1_001.fastq.gz	56-A_S64_L001_R2_001.fastq.gz	37605	37605
56-B	56-B	1	56-B_S254_L001_R1_001.fastq.gz	56-B_S254_L001_R2_001.fastq.gz	30322	30322
56-C	56-C	1	56-C_S444_L001_R1_001.fastq.gz	56-C_S444_L001_R2_001.fastq.gz	33400	33400
57-A	57-A	1	57-A_S65_L001_R1_001.fastq.gz	57-A_S65_L001_R2_001.fastq.gz	3316	3316
57-B	57-B	1	57-B_S255_L001_R1_001.fastq.gz	57-B_S255_L001_R2_001.fastq.gz	4417	4417
57-C	57-C	1	57-C_S445_L001_R1_001.fastq.gz	57-C_S445_L001_R2_001.fastq.gz	1335	1335
58-A	58-A	1	58-A_S66_L001_R1_001.fastq.gz	58-A_S66_L001_R2_001.fastq.gz	23701	23701
58-B	58-B	1	58-B_S256_L001_R1_001.fastq.gz	58-B_S256_L001_R2_001.fastq.gz	15531	15531
58-C	58-C	1	58-C_S446_L001_R1_001.fastq.gz	58-C_S446_L001_R2_001.fastq.gz	26267	26267
59-A	59-A	1	59-A_S67_L001_R1_001.fastq.gz	59-A_S67_L001_R2_001.fastq.gz	21205	21205
59-B	59-B	1	59-B_S257_L001_R1_001.fastq.gz	59-B_S257_L001_R2_001.fastq.gz	26012	26012
59-C	59-C	1	59-C_S447_L001_R1_001.fastq.gz	59-C_S447_L001_R2_001.fastq.gz	26903	26903
6-A	6-A	1	6-A_S6_L001_R1_001.fastq.gz	6-A_S6_L001_R2_001.fastq.gz	79874	79874
6-B	6-B	1	6-B_S196_L001_R1_001.fastq.gz	6-B_S196_L001_R2_001.fastq.gz	35192	35192
6-C	6-C	1	6-C_S386_L001_R1_001.fastq.gz	6-C_S386_L001_R2_001.fastq.gz	74900	74900
60-A	60-A	1	60-A_S68_L001_R1_001.fastq.gz	60-A_S68_L001_R2_001.fastq.gz	42429	42429
60-B	60-B	1	60-B_S258_L001_R1_001.fastq.gz	60-B_S258_L001_R2_001.fastq.gz	24399	24399
60-C	60-C	1	60-C_S448_L001_R1_001.fastq.gz	60-C_S448_L001_R2_001.fastq.gz	19620	19620
61-A	61-A	1	61-A_S69_L001_R1_001.fastq.gz	61-A_S69_L001_R2_001.fastq.gz	9898	9898
61-B	61-B	1	61-B_S259_L001_R1_001.fastq.gz	61-B_S259_L001_R2_001.fastq.gz	26120	26120
61-C	61-C	1	61-C_S449_L001_R1_001.fastq.gz	61-C_S449_L001_R2_001.fastq.gz	19103	19103
62-A	62-A	1	62-A_S70_L001_R1_001.fastq.gz	62-A_S70_L001_R2_001.fastq.gz	63803	63803
62-B	62-B	1	62-B_S260_L001_R1_001.fastq.gz	62-B_S260_L001_R2_001.fastq.gz	17161	17161
62-C	62-C	1	62-C_S450_L001_R1_001.fastq.gz	62-C_S450_L001_R2_001.fastq.gz	22067	22067
63-A	63-A	1	63-A_S71_L001_R1_001.fastq.gz	63-A_S71_L001_R2_001.fastq.gz	43557	43557
63-B	63-B	1	63-B_S261_L001_R1_001.fastq.gz	63-B_S261_L001_R2_001.fastq.gz	20432	20432
63-C	63-C	1	63-C_S451_L001_R1_001.fastq.gz	63-C_S451_L001_R2_001.fastq.gz	17600	17600
64-A	64-A	1	64-A_S72_L001_R1_001.fastq.gz	64-A_S72_L001_R2_001.fastq.gz	14185	14185
64-B	64-B	1	64-B_S262_L001_R1_001.fastq.gz	64-B_S262_L001_R2_001.fastq.gz	681	681
64-C	64-C	1	64-C_S452_L001_R1_001.fastq.gz	64-C_S452_L001_R2_001.fastq.gz	6796	6796
65-A	65-A	1	65-A_S73_L001_R1_001.fastq.gz	65-A_S73_L001_R2_001.fastq.gz	17698	17698
65-B	65-B	1	65-B_S263_L001_R1_001.fastq.gz	65-B_S263_L001_R2_001.fastq.gz	12055	12055
65-C	65-C	1	65-C_S453_L001_R1_001.fastq.gz	65-C_S453_L001_R2_001.fastq.gz	16907	16907
66-A	66-A	1	66-A_S74_L001_R1_001.fastq.gz	66-A_S74_L001_R2_001.fastq.gz	20159	20159
66-B	66-B	1	66-B_S264_L001_R1_001.fastq.gz	66-B_S264_L001_R2_001.fastq.gz	12373	12373
66-C	66-C	1	66-C_S454_L001_R1_001.fastq.gz	66-C_S454_L001_R2_001.fastq.gz	24246	24246
67-A	67-A	1	67-A_S75_L001_R1_001.fastq.gz	67-A_S75_L001_R2_001.fastq.gz	21377	21377
67-B	67-B	1	67-B_S265_L001_R1_001.fastq.gz	67-B_S265_L001_R2_001.fastq.gz	18338	18338
67-C	67-C	1	67-C_S455_L001_R1_001.fastq.gz	67-C_S455_L001_R2_001.fastq.gz	26308	26308
68-A	68-A	1	68-A_S76_L001_R1_001.fastq.gz	68-A_S76_L001_R2_001.fastq.gz	21483	21483
68-B	68-B	1	68-B_S266_L001_R1_001.fastq.gz	68-B_S266_L001_R2_001.fastq.gz	13546	13546
68-C	68-C	1	68-C_S456_L001_R1_001.fastq.gz	68-C_S456_L001_R2_001.fastq.gz	40715	40715
69-A	69-A	1	69-A_S77_L001_R1_001.fastq.gz	69-A_S77_L001_R2_001.fastq.gz	19980	19980
69-B	69-B	1	69-B_S267_L001_R1_001.fastq.gz	69-B_S267_L001_R2_001.fastq.gz	18453	18453
69-C	69-C	1	69-C_S457_L001_R1_001.fastq.gz	69-C_S457_L001_R2_001.fastq.gz	28852	28852
7-A	7-A	1	7-A_S7_L001_R1_001.fastq.gz	7-A_S7_L001_R2_001.fastq.gz	9356	9356
7-B	7-B	1	7-B_S197_L001_R1_001.fastq.gz	7-B_S197_L001_R2_001.fastq.gz	12275	12275
7-C	7-C	1	7-C_S387_L001_R1_001.fastq.gz	7-C_S387_L001_R2_001.fastq.gz	19527	19527
70-A	70-A	1	70-A_S78_L001_R1_001.fastq.gz	70-A_S78_L001_R2_001.fastq.gz	23388	23388
70-B	70-B	1	70-B_S268_L001_R1_001.fastq.gz	70-B_S268_L001_R2_001.fastq.gz	25794	25794
70-C	70-C	1	70-C_S458_L001_R1_001.fastq.gz	70-C_S458_L001_R2_001.fastq.gz	27136	27136
71-A	71-A	1	71-A_S79_L001_R1_001.fastq.gz	71-A_S79_L001_R2_001.fastq.gz	3480	3480
71-B	71-B	1	71-B_S269_L001_R1_001.fastq.gz	71-B_S269_L001_R2_001.fastq.gz	3142	3142
71-C	71-C	1	71-C_S459_L001_R1_001.fastq.gz	71-C_S459_L001_R2_001.fastq.gz	11142	11142
72-A	72-A	1	72-A_S80_L001_R1_001.fastq.gz	72-A_S80_L001_R2_001.fastq.gz	21060	21060
72-B	72-B	1	72-B_S270_L001_R1_001.fastq.gz	72-B_S270_L001_R2_001.fastq.gz	15481	15481
72-C	72-C	1	72-C_S460_L001_R1_001.fastq.gz	72-C_S460_L001_R2_001.fastq.gz	33722	33722
73-A	73-A	1	73-A_S81_L001_R1_001.fastq.gz	73-A_S81_L001_R2_001.fastq.gz	20994	20994
73-B	73-B	1	73-B_S271_L001_R1_001.fastq.gz	73-B_S271_L001_R2_001.fastq.gz	11233	11233
73-C	73-C	1	73-C_S461_L001_R1_001.fastq.gz	73-C_S461_L001_R2_001.fastq.gz	15773	15773
74-A	74-A	1	74-A_S82_L001_R1_001.fastq.gz	74-A_S82_L001_R2_001.fastq.gz	17910	17910
74-B	74-B	1	74-B_S272_L001_R1_001.fastq.gz	74-B_S272_L001_R2_001.fastq.gz	20160	20160
74-C	74-C	1	74-C_S462_L001_R1_001.fastq.gz	74-C_S462_L001_R2_001.fastq.gz	21944	21944
75-A	75-A	1	75-A_S83_L001_R1_001.fastq.gz	75-A_S83_L001_R2_001.fastq.gz	30293	30293
75-B	75-B	1	75-B_S273_L001_R1_001.fastq.gz	75-B_S273_L001_R2_001.fastq.gz	21342	21342
75-C	75-C	1	75-C_S463_L001_R1_001.fastq.gz	75-C_S463_L001_R2_001.fastq.gz	26624	26624
76-A	76-A	1	76-A_S84_L001_R1_001.fastq.gz	76-A_S84_L001_R2_001.fastq.gz	28523	28523
76-B	76-B	1	76-B_S274_L001_R1_001.fastq.gz	76-B_S274_L001_R2_001.fastq.gz	24857	24857
76-C	76-C	1	76-C_S464_L001_R1_001.fastq.gz	76-C_S464_L001_R2_001.fastq.gz	23628	23628
77-A	77-A	1	77-A_S85_L001_R1_001.fastq.gz	77-A_S85_L001_R2_001.fastq.gz	23040	23040
77-B	77-B	1	77-B_S275_L001_R1_001.fastq.gz	77-B_S275_L001_R2_001.fastq.gz	89183	89183
77-C	77-C	1	77-C_S465_L001_R1_001.fastq.gz	77-C_S465_L001_R2_001.fastq.gz	25723	25723
78-A	78-A	1	78-A_S86_L001_R1_001.fastq.gz	78-A_S86_L001_R2_001.fastq.gz	6641	6641
78-B	78-B	1	78-B_S276_L001_R1_001.fastq.gz	78-B_S276_L001_R2_001.fastq.gz	11648	11648
78-C	78-C	1	78-C_S466_L001_R1_001.fastq.gz	78-C_S466_L001_R2_001.fastq.gz	4889	4889
79-A	79-A	1	79-A_S87_L001_R1_001.fastq.gz	79-A_S87_L001_R2_001.fastq.gz	27631	27631
79-B	79-B	1	79-B_S277_L001_R1_001.fastq.gz	79-B_S277_L001_R2_001.fastq.gz	51411	51411
79-C	79-C	1	79-C_S467_L001_R1_001.fastq.gz	79-C_S467_L001_R2_001.fastq.gz	25549	25549
8-A	8-A	1	8-A_S8_L001_R1_001.fastq.gz	8-A_S8_L001_R2_001.fastq.gz	49563	49563
8-B	8-B	1	8-B_S198_L001_R1_001.fastq.gz	8-B_S198_L001_R2_001.fastq.gz	1942	1942
8-C	8-C	1	8-C_S388_L001_R1_001.fastq.gz	8-C_S388_L001_R2_001.fastq.gz	57451	57451
80-A	80-A	1	80-A_S88_L001_R1_001.fastq.gz	80-A_S88_L001_R2_001.fastq.gz	31523	31523
80-B	80-B	1	80-B_S278_L001_R1_001.fastq.gz	80-B_S278_L001_R2_001.fastq.gz	51844	51844
80-C	80-C	1	80-C_S468_L001_R1_001.fastq.gz	80-C_S468_L001_R2_001.fastq.gz	22126	22126
81-A	81-A	1	81-A_S89_L001_R1_001.fastq.gz	81-A_S89_L001_R2_001.fastq.gz	29214	29214
81-B	81-B	1	81-B_S279_L001_R1_001.fastq.gz	81-B_S279_L001_R2_001.fastq.gz	10009	10009
81-C	81-C	1	81-C_S469_L001_R1_001.fastq.gz	81-C_S469_L001_R2_001.fastq.gz	16941	16941
82-A	82-A	1	82-A_S90_L001_R1_001.fastq.gz	82-A_S90_L001_R2_001.fastq.gz	22432	22432
82-B	82-B	1	82-B_S280_L001_R1_001.fastq.gz	82-B_S280_L001_R2_001.fastq.gz	20404	20404
82-C	82-C	1	82-C_S470_L001_R1_001.fastq.gz	82-C_S470_L001_R2_001.fastq.gz	20538	20538
83-A	83-A	1	83-A_S91_L001_R1_001.fastq.gz	83-A_S91_L001_R2_001.fastq.gz	30249	30249
83-B	83-B	1	83-B_S281_L001_R1_001.fastq.gz	83-B_S281_L001_R2_001.fastq.gz	16861	16861
83-C	83-C	1	83-C_S471_L001_R1_001.fastq.gz	83-C_S471_L001_R2_001.fastq.gz	22283	22283
84-A	84-A	1	84-A_S92_L001_R1_001.fastq.gz	84-A_S92_L001_R2_001.fastq.gz	33890	33890
84-B	84-B	1	84-B_S282_L001_R1_001.fastq.gz	84-B_S282_L001_R2_001.fastq.gz	24774	24774
84-C	84-C	1	84-C_S472_L001_R1_001.fastq.gz	84-C_S472_L001_R2_001.fastq.gz	23142	23142
85-A	85-A	1	85-A_S93_L001_R1_001.fastq.gz	85-A_S93_L001_R2_001.fastq.gz	4909	4909
85-B	85-B	1	85-B_S283_L001_R1_001.fastq.gz	85-B_S283_L001_R2_001.fastq.gz	853	853
85-C	85-C	1	85-C_S473_L001_R1_001.fastq.gz	85-C_S473_L001_R2_001.fastq.gz	5476	5476
86-A	86-A	1	86-A_S97_L001_R1_001.fastq.gz	86-A_S97_L001_R2_001.fastq.gz	17816	17816
86-B	86-B	1	86-B_S287_L001_R1_001.fastq.gz	86-B_S287_L001_R2_001.fastq.gz	10998	10998
86-C	86-C	1	86-C_S477_L001_R1_001.fastq.gz	86-C_S477_L001_R2_001.fastq.gz	49588	49588
87-A	87-A	1	87-A_S98_L001_R1_001.fastq.gz	87-A_S98_L001_R2_001.fastq.gz	60613	60613
87-B	87-B	1	87-B_S288_L001_R1_001.fastq.gz	87-B_S288_L001_R2_001.fastq.gz	32988	32988
87-C	87-C	1	87-C_S478_L001_R1_001.fastq.gz	87-C_S478_L001_R2_001.fastq.gz	57182	57182
88-A	88-A	1	88-A_S99_L001_R1_001.fastq.gz	88-A_S99_L001_R2_001.fastq.gz	8148	8148
88-B	88-B	1	88-B_S289_L001_R1_001.fastq.gz	88-B_S289_L001_R2_001.fastq.gz	21904	21904
88-C	88-C	1	88-C_S479_L001_R1_001.fastq.gz	88-C_S479_L001_R2_001.fastq.gz	65506	65506
89-A	89-A	1	89-A_S100_L001_R1_001.fastq.gz	89-A_S100_L001_R2_001.fastq.gz	12607	12607
89-B	89-B	1	89-B_S290_L001_R1_001.fastq.gz	89-B_S290_L001_R2_001.fastq.gz	43073	43073
89-C	89-C	1	89-C_S480_L001_R1_001.fastq.gz	89-C_S480_L001_R2_001.fastq.gz	26260	26260
9-A	9-A	1	9-A_S9_L001_R1_001.fastq.gz	9-A_S9_L001_R2_001.fastq.gz	22857	22857
9-B	9-B	1	9-B_S199_L001_R1_001.fastq.gz	9-B_S199_L001_R2_001.fastq.gz	13057	13057
9-C	9-C	1	9-C_S389_L001_R1_001.fastq.gz	9-C_S389_L001_R2_001.fastq.gz	62183	62183
90-A	90-A	1	90-A_S101_L001_R1_001.fastq.gz	90-A_S101_L001_R2_001.fastq.gz	13333	13333
90-B	90-B	1	90-B_S291_L001_R1_001.fastq.gz	90-B_S291_L001_R2_001.fastq.gz	23129	23129
90-C	90-C	1	90-C_S481_L001_R1_001.fastq.gz	90-C_S481_L001_R2_001.fastq.gz	31349	31349
91-A	91-A	1	91-A_S102_L001_R1_001.fastq.gz	91-A_S102_L001_R2_001.fastq.gz	25367	25367
91-B	91-B	1	91-B_S292_L001_R1_001.fastq.gz	91-B_S292_L001_R2_001.fastq.gz	48259	48259
91-C	91-C	1	91-C_S482_L001_R1_001.fastq.gz	91-C_S482_L001_R2_001.fastq.gz	22569	22569
92-A	92-A	1	92-A_S103_L001_R1_001.fastq.gz	92-A_S103_L001_R2_001.fastq.gz	3312	3312
92-B	92-B	1	92-B_S293_L001_R1_001.fastq.gz	92-B_S293_L001_R2_001.fastq.gz	6120	6120
92-C	92-C	1	92-C_S483_L001_R1_001.fastq.gz	92-C_S483_L001_R2_001.fastq.gz	14845	14845
93-A	93-A	1	93-A_S104_L001_R1_001.fastq.gz	93-A_S104_L001_R2_001.fastq.gz	8024	8024
93-B	93-B	1	93-B_S294_L001_R1_001.fastq.gz	93-B_S294_L001_R2_001.fastq.gz	40397	40397
93-C	93-C	1	93-C_S484_L001_R1_001.fastq.gz	93-C_S484_L001_R2_001.fastq.gz	32584	32584
94-A	94-A	1	94-A_S105_L001_R1_001.fastq.gz	94-A_S105_L001_R2_001.fastq.gz	14774	14774
94-B	94-B	1	94-B_S295_L001_R1_001.fastq.gz	94-B_S295_L001_R2_001.fastq.gz	9160	9160
94-C	94-C	1	94-C_S485_L001_R1_001.fastq.gz	94-C_S485_L001_R2_001.fastq.gz	120479	120479
95-A	95-A	1	95-A_S106_L001_R1_001.fastq.gz	95-A_S106_L001_R2_001.fastq.gz	30334	30334
95-B	95-B	1	95-B_S296_L001_R1_001.fastq.gz	95-B_S296_L001_R2_001.fastq.gz	13803	13803
95-C	95-C	1	95-C_S486_L001_R1_001.fastq.gz	95-C_S486_L001_R2_001.fastq.gz	89065	89065
96-A	96-A	1	96-A_S107_L001_R1_001.fastq.gz	96-A_S107_L001_R2_001.fastq.gz	31380	31380
96-B	96-B	1	96-B_S297_L001_R1_001.fastq.gz	96-B_S297_L001_R2_001.fastq.gz	13909	13909
96-C	96-C	1	96-C_S487_L001_R1_001.fastq.gz	96-C_S487_L001_R2_001.fastq.gz	74497	74497
97-A	97-A	1	97-A_S108_L001_R1_001.fastq.gz	97-A_S108_L001_R2_001.fastq.gz	33233	33233
97-B	97-B	1	97-B_S298_L001_R1_001.fastq.gz	97-B_S298_L001_R2_001.fastq.gz	15394	15394
97-C	97-C	1	97-C_S488_L001_R1_001.fastq.gz	97-C_S488_L001_R2_001.fastq.gz	63764	63764
98-A	98-A	1	98-A_S109_L001_R1_001.fastq.gz	98-A_S109_L001_R2_001.fastq.gz	204632	204632
98-B	98-B	1	98-B_S299_L001_R1_001.fastq.gz	98-B_S299_L001_R2_001.fastq.gz	9927	9927
98-C	98-C	1	98-C_S489_L001_R1_001.fastq.gz	98-C_S489_L001_R2_001.fastq.gz	72897	72897
99-A	99-A	1	99-A_S110_L001_R1_001.fastq.gz	99-A_S110_L001_R2_001.fastq.gz	6522	6522
99-B	99-B	1	99-B_S300_L001_R1_001.fastq.gz	99-B_S300_L001_R2_001.fastq.gz	3722	3722
99-C	99-C	1	99-C_S490_L001_R1_001.fastq.gz	99-C_S490_L001_R2_001.fastq.gz	8949	8949
H2O1-A	H2O1-A	1	H2O1-A_S94_L001_R1_001.fastq.gz	H2O1-A_S94_L001_R2_001.fastq.gz	10488	10488
H2O1-B	H2O1-B	1	H2O1-B_S284_L001_R1_001.fastq.gz	H2O1-B_S284_L001_R2_001.fastq.gz	13790	13790
H2O1-C	H2O1-C	1	H2O1-C_S474_L001_R1_001.fastq.gz	H2O1-C_S474_L001_R2_001.fastq.gz	3516	3516
H2O2-A	H2O2-A	1	H2O2-A_S95_L001_R1_001.fastq.gz	H2O2-A_S95_L001_R2_001.fastq.gz	807	807
H2O2-B	H2O2-B	1	H2O2-B_S285_L001_R1_001.fastq.gz	H2O2-B_S285_L001_R2_001.fastq.gz	4254	4254
H2O2-C	H2O2-C	1	H2O2-C_S475_L001_R1_001.fastq.gz	H2O2-C_S475_L001_R2_001.fastq.gz	22833	22833
H2O3-A	H2O3-A	1	H2O3-A_S188_L001_R1_001.fastq.gz	H2O3-A_S188_L001_R2_001.fastq.gz	5101	5101
H2O3-B	H2O3-B	1	H2O3-B_S378_L001_R1_001.fastq.gz	H2O3-B_S378_L001_R2_001.fastq.gz	1097	1097
H2O3-C	H2O3-C	1	H2O3-C_S568_L001_R1_001.fastq.gz	H2O3-C_S568_L001_R2_001.fastq.gz	5687	5687
H2O4-A	H2O4-A	1	H2O4-A_S189_L001_R1_001.fastq.gz	H2O4-A_S189_L001_R2_001.fastq.gz	3096	3096
H2O4-B	H2O4-B	1	H2O4-B_S379_L001_R1_001.fastq.gz	H2O4-B_S379_L001_R2_001.fastq.gz	621	621
H2O4-C	H2O4-C	1	H2O4-C_S569_L001_R1_001.fastq.gz	H2O4-C_S569_L001_R2_001.fastq.gz	28144	28144
STURG1-A	STURG1-A	1	STURG1-A_S96_L001_R1_001.fastq.gz	STURG1-A_S96_L001_R2_001.fastq.gz	27356	27356
STURG1-B	STURG1-B	1	STURG1-B_S286_L001_R1_001.fastq.gz	STURG1-B_S286_L001_R2_001.fastq.gz	24630	24630
STURG1-C	STURG1-C	1	STURG1-C_S476_L001_R1_001.fastq.gz	STURG1-C_S476_L001_R2_001.fastq.gz	6138	6138
STURG2-A	STURG2-A	1	STURG2-A_S190_L001_R1_001.fastq.gz	STURG2-A_S190_L001_R2_001.fastq.gz	10743	10743
STURG2-B	STURG2-B	1	STURG2-B_S380_L001_R1_001.fastq.gz	STURG2-B_S380_L001_R2_001.fastq.gz	18326	18326
STURG2-C	STURG2-C	1	STURG2-C_S570_L001_R1_001.fastq.gz	STURG2-C_S570_L001_R2_001.fastq.gz	6667	6667
